train_loss,train_accuracy,test_loss,test_accuracy,long_loss,long_accuracy
0.07168839,0.3545344,0.06585639,0.36434376,0.06656212,0.34378436
0.065670244,0.36602813,0.06567674,0.36076564,0.066495806,0.34318435
0.06555761,0.36460155,0.06587334,0.35856253,0.06647901,0.34536248
0.06549799,0.36697346,0.0653868,0.36221877,0.06630748,0.3497875
0.06538408,0.36696243,0.06548411,0.36251563,0.06619707,0.35081562
0.06537166,0.36546248,0.06531234,0.36564064,0.06625391,0.341575
0.06525102,0.36542186,0.06520903,0.36879689,0.066236675,0.34709686
0.06516256,0.3675094,0.06517382,0.36745313,0.06627476,0.34816873
0.065160386,0.3672469,0.06541021,0.3769844,0.066421926,0.34842813
0.065066755,0.36635315,0.06509837,0.36559376,0.06611273,0.34512186
0.06490476,0.36682186,0.064922474,0.36721876,0.06605758,0.34527186
0.06465736,0.36667344,0.064564966,0.365875,0.066052854,0.34551874
0.06451398,0.36567965,0.06443396,0.36534378,0.065982305,0.3444656
0.064356804,0.3643172,0.06441491,0.35693753,0.06589744,0.35120624
0.064104736,0.363136,0.06399411,0.35868752,0.065787494,0.34634686
0.06390746,0.36050156,0.06394062,0.3566094,0.06573717,0.34572813
0.063728094,0.36290792,0.06356881,0.35462502,0.06566803,0.346275
0.06344173,0.37231708,0.06350421,0.3654375,0.065825544,0.34595937
0.063282356,0.37934846,0.06308793,0.3676719,0.065593764,0.34564373
0.06302214,0.38984066,0.06293689,0.36576563,0.065515965,0.3527531
0.06265886,0.40416414,0.062410276,0.41382813,0.06534481,0.35869062
0.06236282,0.4088375,0.06254743,0.39171878,0.065769,0.353
0.062187586,0.4142547,0.06184775,0.4190469,0.06526905,0.36319062
0.06182827,0.41969684,0.06160507,0.418875,0.0649345,0.36261562
0.061386332,0.42293906,0.061411396,0.41993752,0.06507969,0.36902186
0.061115883,0.42792025,0.061249014,0.4209375,0.06448197,0.3756125
0.060630187,0.4259672,0.060427148,0.43335938,0.06415704,0.37401563
0.060285375,0.4314845,0.060195193,0.42310938,0.06416027,0.37406248
0.060243536,0.42815626,0.059969783,0.43190628,0.06382068,0.37880623
0.060020518,0.4287906,0.059704725,0.42737502,0.06396821,0.3751656
0.059753846,0.4311672,0.059465997,0.43268752,0.06365114,0.3777531
0.059546005,0.43403432,0.059480082,0.43746877,0.06391044,0.37783438
0.05942214,0.4351516,0.059094153,0.43428126,0.06352956,0.3830156
0.059207,0.4368719,0.059059966,0.43696877,0.063370995,0.38467187
0.059097566,0.43645468,0.059029225,0.43470314,0.0638972,0.37948748
0.058870096,0.44251248,0.058915447,0.43293753,0.063589446,0.37639686
0.05877726,0.4413578,0.05887381,0.44326565,0.06331136,0.37989375
0.058668427,0.44358757,0.058792125,0.4449844,0.0634542,0.37845623
0.05846853,0.44821724,0.058257584,0.45251563,0.06333089,0.384725
0.05823328,0.4532281,0.057956994,0.45459378,0.06356167,0.3849906
0.05801721,0.45889843,0.05793597,0.4566094,0.063166596,0.39273438
0.05764108,0.4611375,0.05734347,0.46401563,0.06361174,0.3947406
0.057267174,0.4662266,0.056774084,0.46712503,0.0643029,0.3938875
0.05640694,0.47420463,0.05612655,0.47614065,0.06351816,0.40162498
0.05613548,0.47446725,0.05584449,0.47037503,0.06267575,0.40230313
0.055584036,0.48160005,0.05594515,0.47020316,0.06236782,0.40170625
0.055106703,0.48810628,0.055287115,0.48250002,0.061514586,0.41274688
0.05483447,0.48983133,0.0549302,0.47581252,0.061299134,0.40321562
0.054335147,0.49487033,0.054111153,0.49551564,0.060992677,0.41313124
0.054051258,0.500036,0.05381588,0.49443752,0.060692713,0.413
0.053631134,0.50305456,0.053452034,0.49576566,0.06079373,0.4137156
0.05320095,0.50918597,0.05301204,0.50257814,0.060613703,0.42124373
0.05274008,0.5150469,0.052372277,0.51589066,0.0603133,0.425625
0.05226333,0.5234922,0.052377943,0.52043754,0.060263623,0.4316531
0.051382195,0.53126097,0.051361695,0.5349844,0.05906321,0.43943435
0.050851326,0.54275316,0.05063238,0.5435,0.05859185,0.4466406
0.050282273,0.54716253,0.050713904,0.5413594,0.060045306,0.427225
0.050551463,0.5431702,0.050518543,0.54785943,0.059424613,0.43284687
0.049451467,0.55406404,0.048289873,0.55815625,0.057620596,0.45072812
0.048062965,0.5634766,0.047708873,0.5690157,0.057504103,0.44836873
0.047350574,0.5682344,0.047923453,0.56057817,0.058021124,0.44160935
0.046954032,0.5738547,0.0466042,0.5712344,0.057029046,0.4548906
0.046143178,0.5764969,0.04638815,0.56975,0.057517353,0.450525
0.045592703,0.5826141,0.045867722,0.5737344,0.057712343,0.4427
0.045021415,0.5877563,0.04504199,0.57956254,0.05629814,0.45665938
0.044651356,0.59539217,0.044539165,0.6007032,0.055915944,0.46477187
0.0439739,0.6026296,0.043484136,0.6070469,0.05540312,0.46997187
0.043960284,0.6045703,0.043332674,0.60915625,0.05582837,0.4675281
0.042820774,0.6141282,0.04282423,0.61525005,0.0549253,0.47529998
0.042367186,0.6205062,0.04279761,0.61612505,0.055424783,0.47059375
0.043729838,0.61192816,0.041980073,0.6163438,0.055092838,0.47099686
0.041657157,0.6251922,0.041796204,0.6235313,0.054473244,0.48068124
0.041324664,0.6287062,0.041488744,0.62514067,0.05413799,0.47951874
0.041024942,0.6293735,0.04214358,0.6204532,0.055237524,0.47535
0.040748376,0.6324453,0.041026734,0.6242344,0.05426317,0.4819375
0.040295742,0.635475,0.04034597,0.63278127,0.053678542,0.4835375
0.039953806,0.63487506,0.040121157,0.6257969,0.053949825,0.47950935
0.03990723,0.6379766,0.039877947,0.6326875,0.054134298,0.481975
0.03951229,0.64141256,0.039844014,0.63379693,0.05450817,0.47536874
0.03923678,0.6414093,0.039220434,0.6355313,0.05341731,0.48172185
0.038881674,0.6446798,0.039450254,0.6392813,0.053454325,0.48278123
0.038992736,0.6450577,0.03879486,0.6442344,0.05318493,0.48505312
0.03851885,0.6490125,0.039207876,0.6421719,0.05387304,0.4789406
0.038232807,0.65337026,0.038342375,0.6439219,0.053048525,0.482575
0.038056735,0.6560609,0.038229022,0.65239066,0.052595716,0.4872625
0.03779225,0.6593954,0.038186524,0.6574375,0.05285932,0.49085623
0.037543386,0.6631235,0.037859306,0.6566719,0.052396,0.48990625
0.037462752,0.6684843,0.038093224,0.66462505,0.05254076,0.49194998
0.036944363,0.6723249,0.037093185,0.66668755,0.052228455,0.49566248
0.036710735,0.6759875,0.037306074,0.66632813,0.052194953,0.49313125
0.036407445,0.68039995,0.036571383,0.6746719,0.0519423,0.49422812
0.036179934,0.6840469,0.03703723,0.66950005,0.052207973,0.503625
0.03595116,0.68369216,0.03621996,0.6809219,0.051830698,0.5015531
0.03561443,0.68558127,0.035816442,0.6862188,0.052358445,0.49674687
0.03510094,0.6885452,0.035450317,0.68401563,0.054614708,0.49093124
0.034944758,0.69193757,0.035199825,0.69128126,0.05151761,0.51106876
0.03458115,0.69501555,0.034854785,0.6869532,0.05175724,0.505175
0.03403353,0.70202357,0.034229822,0.69362503,0.05103823,0.50729376
0.0338117,0.7048813,0.034277324,0.7024219,0.05141179,0.51226246
0.033207845,0.70861554,0.03332872,0.7080625,0.05086844,0.5147531
0.03275934,0.7133234,0.033497885,0.7102969,0.051291395,0.5179344
0.036945064,0.68823904,0.066190116,0.43193752,0.07348377,0.310725
0.061147362,0.464264,0.05594685,0.4809375,0.06409911,0.37093124
0.05011307,0.5565125,0.043087687,0.6359531,0.05849234,0.45358124
0.03904618,0.6800218,0.036751438,0.6999375,0.0546088,0.49164373
0.03561307,0.70970154,0.035447944,0.70026565,0.053379934,0.49971873
0.034352694,0.71594846,0.034197576,0.70957816,0.052363284,0.5065875
0.03357105,0.71905005,0.03328264,0.72139066,0.05195932,0.51386875
0.032733325,0.7276985,0.03242461,0.7331094,0.052389186,0.51431876
0.031902965,0.73595625,0.03145502,0.7435938,0.052805003,0.5168281
0.030773893,0.75011414,0.030123312,0.7571094,0.053463973,0.5261625
0.029511748,0.76723135,0.028589588,0.78595316,0.053131983,0.54358435
0.033095706,0.76338273,0.025043374,0.8327032,0.060422372,0.5316031
0.020459153,0.8784468,0.018186769,0.9023282,0.06127345,0.59397185
0.014319577,0.9359329,0.012864433,0.94954693,0.05912037,0.6877625
0.012812903,0.95288277,0.036372613,0.8057813,0.062277578,0.64559686
0.010911805,0.9677063,0.008655927,0.9795157,0.017002627,0.9303343
0.009981725,0.96802515,0.038652405,0.79079694,0.08090621,0.5557156
0.015048109,0.9457234,0.011053222,0.9662969,0.02228913,0.90079373
0.0052922987,0.9922249,0.004150822,0.99537504,0.005686817,0.98398745
0.010364796,0.96708274,0.0047537857,0.9932501,0.017113367,0.9179093
0.004275383,0.995,0.003939393,0.99523443,0.008030829,0.97283125
0.0031798435,0.9976843,0.0031929174,0.9964844,0.0043317676,0.9877312
0.0027914082,0.9978453,0.0025328202,0.99757814,0.007770494,0.9670375
0.002356557,0.99860305,0.0020399168,0.9999063,0.0032268413,0.99153125
0.0056436984,0.98568416,0.0069679283,0.98835945,0.011265586,0.9531812
0.0048263413,0.99005944,0.002349883,0.9990469,0.0067883283,0.97332495
0.006042663,0.9838096,0.008127786,0.9838594,0.023148308,0.8863437
0.006377225,0.98241407,0.0025044682,0.9997813,0.0016279765,0.9989906
0.002939953,0.99673754,0.0019271312,0.9996094,0.009296379,0.9584625
0.0017183853,0.99956566,0.0015450062,1.0,0.0021622027,0.99463123
0.0015594062,0.99958915,0.0014808606,1.0,0.0026956776,0.99118435
0.0015566386,0.9993562,0.005041389,0.98401564,0.0012116929,0.99999684
0.0020178058,0.99834687,0.0014923353,0.9999219,0.004569217,0.9819312
0.0013811262,0.9997719,0.001279399,0.9999219,0.002457347,0.99206245
0.007093425,0.9784983,0.014285319,0.94220316,0.058546055,0.7004
0.042496055,0.7626906,0.053949893,0.6044844,0.06814426,0.39900312
0.030053759,0.836189,0.012042622,0.95075005,0.04028009,0.7859687
0.011356855,0.95799524,0.010198918,0.96543753,0.028081544,0.85344374
0.011920464,0.9555843,0.0049672867,0.9919532,0.011265916,0.95024997
0.0023132272,0.9991798,0.0018128767,0.99910945,0.00758416,0.9674781
0.0017328222,0.9995469,0.0015711564,0.99993753,0.0062735076,0.9737531
0.0014300183,0.99987185,0.0012974404,1.0,0.01115524,0.9451156
0.0012842619,0.9998921,0.0012540051,1.0,0.0103875995,0.9500344
0.0011967331,0.99995935,0.0013419511,0.9988907,0.0063372273,0.9712031
0.0011619589,0.9999891,0.0011540743,1.0,0.0055763624,0.9750093
0.0011754383,0.9998531,0.001133563,0.99993753,0.0036925192,0.98487496
0.0011186855,0.99989533,0.0010896714,1.0,0.004378893,0.9811281
0.0010828914,0.9998578,0.0010719616,1.0,0.0034728968,0.98562187
0.0010358216,0.9998734,0.0010146139,1.0,0.0030692024,0.9878875
0.0009944651,0.99999845,0.0009716933,0.9999688,0.0029659737,0.98801875
0.0009837131,0.99995935,0.0009737921,1.0,0.0012004292,0.9972656
0.0010032788,0.9998781,0.00096717005,1.0,0.0025799407,0.99000937
0.00096922537,0.99991876,0.0009252421,1.0,0.0016479141,0.9946906
0.0009054484,0.99999845,0.0009301105,1.0,0.0021543305,0.99202186
0.00092078745,0.99990624,0.000970273,1.0,0.00194916,0.99298435
0.0009061583,0.9999984,0.0008896393,1.0,0.0021707644,0.9918562
0.00089535676,0.9999656,0.00097247725,1.0,0.0016380876,0.9945531
0.0008469593,1.0,0.0008537684,1.0,0.0014864489,0.9950625
0.00089934043,1.0,0.00084386574,1.0,0.0011006707,0.99697495
0.00082855485,1.0,0.0008045663,0.99998444,0.0015053067,0.9947906
0.0008078073,1.0,0.0008049599,1.0,0.0015252862,0.994625
0.0008048517,1.0,0.0009882298,1.0,0.0029941648,0.9876968
0.0008387588,0.99999374,0.0008051653,1.0,0.0012565166,0.9960656
0.0007935558,1.0,0.0007396109,1.0,0.002154286,0.9913906
0.00075129134,1.0,0.00074719836,0.9999063,0.0012685206,0.9958031
0.0007494171,0.9999953,0.00076973415,1.0,0.0012830435,0.9957718
0.00079712726,1.0,0.0007893092,1.0,0.0014967672,0.9946937
0.00074531266,1.0,0.0008876509,1.0,0.0012929356,0.99581873
0.00081428175,0.9998469,0.00075811695,1.0,0.0021150168,0.99143124
0.0007074242,0.99999845,0.0006958582,1.0,0.0012614654,0.9957781
0.0007225089,1.0,0.00080371904,0.99950004,0.00044234504,1.0
0.00080951134,1.0,0.00066562014,1.0,0.001249647,0.9956281
0.0006826067,1.0,0.0006736419,1.0,0.00078027917,0.9981344
0.0006859979,0.99989057,0.00065498246,1.0,0.0016252775,0.9936937
0.0006662439,1.0,0.0006397752,1.0,0.0009785626,0.9970375
0.0006326484,1.0,0.00061878853,1.0,0.0005795125,0.9990594
0.00066416094,0.9999969,0.0007130169,1.0,0.0005990049,0.9990656
0.0006713783,1.0,0.0006340989,1.0,0.0010087512,0.9967875
0.0006203345,1.0,0.00059603865,1.0,0.0005638061,0.9990656
0.0006422627,1.0,0.00063358457,1.0,0.0005908472,0.99880624
0.0006280903,1.0,0.0005873518,1.0,0.0005615949,0.9990594
0.00063212623,1.0,0.0005847473,1.0,0.0007324658,0.99808747
0.00060868537,1.0,0.0006244563,1.0,0.0005550189,0.9990625
0.000637217,1.0,0.00061596744,1.0,0.0009158501,0.9972031
0.00059196237,1.0,0.00057124457,1.0,0.00053840945,0.9990594
0.00059462653,1.0,0.00069115136,1.0,0.0009999854,0.9968718
0.00063369324,0.99979997,0.00055602484,1.0,0.0009828554,0.9965969
0.00057504704,1.0,0.00056580396,1.0,0.0005234568,0.99907184
0.0006126261,1.0,0.00058043865,1.0,0.0007279958,0.9980312
0.0005678873,1.0,0.0005703989,1.0,0.00073927315,0.997925
0.00055465364,1.0,0.0005398308,1.0,0.0009468537,0.9967687
0.00054931187,1.0,0.00053719943,1.0,0.0007117017,0.9980968
0.0005930315,1.0,0.0005338917,1.0,0.0005105374,0.9990406
0.0005488439,1.0,0.0005334904,1.0,0.00051690725,0.9990594
0.0005466852,1.0,0.00051281793,1.0,0.0005101195,0.9990562
0.0005473385,0.99990624,0.00052882975,1.0,0.0003180444,1.0
0.0005922739,1.0,0.0005507764,1.0,0.0005185591,0.9990562
0.00050234713,1.0,0.00048611182,1.0,0.0004810503,0.9990906
0.0005330773,1.0,0.0005092992,1.0,0.00049040397,0.99906874
0.0005437271,1.0,0.00053882244,1.0,0.00032251613,1.0
0.00054523745,1.0,0.0004940829,1.0,0.0005203575,0.99885935
0.00049840263,1.0,0.0005898687,1.0,0.00034115196,0.99997187
0.00050337135,1.0,0.00050613866,1.0,0.00030387295,1.0
0.00048729856,1.0,0.00046659415,1.0,0.00029760043,1.0
0.0004846773,1.0,0.00072572764,1.0,0.000490329,0.99939996
0.00051852467,1.0,0.0004639591,1.0,0.0002864029,1.0
0.00050480326,1.0,0.00045101982,1.0,0.00028190887,1.0
0.0004658292,1.0,0.00044466107,1.0,0.0002818716,1.0
0.00051483384,1.0,0.0004716098,1.0,0.00028266833,1.0
0.00049203855,1.0,0.00043561214,1.0,0.00027937742,1.0
0.0006145316,1.0,0.0005991478,1.0,0.0021488091,0.99099374
0.0004780334,1.0,0.00045737025,1.0,0.0004405491,0.99913436
0.00045976613,1.0,0.000443378,1.0,0.00028075132,1.0
0.00048276345,1.0,0.00048182788,1.0,0.00028916672,1.0
0.0004348899,1.0,0.00044429803,1.0,0.00027244564,1.0
0.00046082202,1.0,0.0004299849,1.0,0.00026929614,1.0
0.00044168468,1.0,0.00040994407,1.0,0.0002601015,1.0
0.000439378,1.0,0.00051077025,1.0,0.0002884934,1.0
0.00046907488,1.0,0.00058851566,1.0,0.00049353467,0.9990656
0.00042862396,1.0,0.00039507484,1.0,0.00025845598,1.0
0.00043289873,1.0,0.00039541197,1.0,0.00025347713,1.0
0.00045504692,1.0,0.0004618349,1.0,0.0004961247,0.9988656
0.00046396203,1.0,0.00041562144,1.0,0.00025521772,1.0
0.0004096146,1.0,0.00039404654,1.0,0.0002452376,1.0
0.00042723323,1.0,0.00042524879,1.0,0.00025598975,1.0
0.0004152681,1.0,0.0003801314,1.0,0.0002417187,1.0
0.0003921099,1.0,0.00040040552,1.0,0.0002485221,1.0
0.0004115798,1.0,0.0005780807,1.0,0.00030276357,1.0
0.0004161248,1.0,0.00046819754,1.0,0.00027025558,1.0
0.00038422827,1.0,0.00043033395,1.0,0.0002452597,1.0
0.00039889966,1.0,0.0004029969,1.0,0.00023887421,1.0
0.00040844572,1.0,0.00035629605,1.0,0.00021887003,1.0
0.000365426,1.0,0.00038191656,1.0,0.00023342346,1.0
0.00040412933,1.0,0.00038377353,1.0,0.00022585501,1.0
0.00039490365,1.0,0.0003448173,1.0,0.00022136181,1.0
0.00038941653,1.0,0.00034777494,1.0,0.00021490813,1.0
0.00037349344,1.0,0.00038226484,1.0,0.00022690478,1.0
0.00035997457,1.0,0.00036223742,1.0,0.00021711926,1.0
0.0003854152,1.0,0.00039016362,1.0,0.00023140162,1.0
0.00035651238,1.0,0.0003654401,1.0,0.00022267696,1.0
0.00038523716,1.0,0.00037207815,1.0,0.00021921223,1.0
0.0003307333,1.0,0.00032173278,1.0,0.00020254681,1.0
0.00042773216,1.0,0.0005358281,1.0,0.0005272675,0.99890935
0.0003929704,1.0,0.00036685885,1.0,0.00021416214,1.0
0.00035218324,1.0,0.00031648137,1.0,0.00019661685,1.0
0.00032191753,1.0,0.0004702886,1.0,0.00025281048,1.0
0.0003567709,1.0,0.00029992822,1.0,0.00018936863,1.0
0.00034795728,1.0,0.00035606313,1.0,0.0002119588,1.0
0.00033765743,1.0,0.00029806726,1.0,0.00019046615,1.0
0.00030529968,1.0,0.00031428714,1.0,0.0001955656,1.0
0.00036805985,1.0,0.00033990204,1.0,0.00020113398,1.0
0.00031194225,1.0,0.0003329606,1.0,0.00020049179,1.0
0.00035468268,1.0,0.0003353134,1.0,0.00019251647,1.0
0.00032280185,1.0,0.00033122502,1.0,0.00019668498,1.0
0.00032609116,1.0,0.00032925664,1.0,0.00019380073,1.0
0.000284593,1.0,0.00030019038,1.0,0.00018766969,1.0
0.0003000761,1.0,0.000399014,1.0,0.00021191026,1.0
0.0003465788,1.0,0.0002607783,1.0,0.00017290578,1.0
0.0002982666,1.0,0.0003214392,1.0,0.00018567474,1.0
0.000263998,1.0,0.00026767448,1.0,0.00017094857,1.0
0.0003297499,1.0,0.0003755558,1.0,0.00020300226,1.0
0.00031668675,1.0,0.00029944492,1.0,0.00017721989,1.0
0.00027264803,1.0,0.0003383103,1.0,0.0001872695,1.0
0.0002861689,1.0,0.00024614763,1.0,0.00016351652,1.0
0.0002942349,1.0,0.000260202,1.0,0.00016680558,1.0
0.0002828371,1.0,0.00027156895,1.0,0.0001680883,1.0
0.0003156731,1.0,0.0002988896,1.0,0.00017703722,1.0
0.00025520253,1.0,0.00027426705,1.0,0.00016563386,1.0
0.00028758988,1.0,0.00024897978,1.0,0.00016123404,1.0
0.000330487,1.0,0.00027600006,1.0,0.0001640406,1.0
0.00027791673,1.0,0.00024865114,1.0,0.00015645762,1.0
0.00023467992,1.0,0.00022823078,1.0,0.00015175153,1.0
0.00029425172,1.0,0.0002737794,1.0,0.00016652886,1.0
0.00026035297,1.0,0.00022578047,1.0,0.00014882413,1.0
0.0003063546,1.0,0.0002562154,1.0,0.00015866644,1.0
0.00024735602,1.0,0.00028454378,1.0,0.0001684848,1.0
0.00026596818,1.0,0.00023671752,1.0,0.00015235491,1.0
0.00028554804,1.0,0.00031952086,1.0,0.00017311871,1.0
0.0002478596,1.0,0.00033532732,1.0,0.00018001292,1.0
0.00026850426,1.0,0.00023282868,1.0,0.00015383256,1.0
0.0002514464,1.0,0.00022963273,1.0,0.00015149587,1.0
0.00025940564,1.0,0.00022829803,1.0,0.00014394148,1.0
0.00027187797,1.0,0.000225204,1.0,0.00014166709,1.0
0.00024025016,1.0,0.00034008865,1.0,0.0001747385,1.0
0.00025951074,1.0,0.00023631865,1.0,0.00014767834,1.0
0.00022477515,1.0,0.00023401291,1.0,0.00014291666,1.0
0.00024530845,1.0,0.0002039613,1.0,0.00013433574,1.0
0.00025246985,1.0,0.00024710974,1.0,0.00014349326,1.0
0.0002575097,1.0,0.0003290102,1.0,0.0001788719,1.0
0.00023870874,1.0,0.00022396354,1.0,0.0001380099,1.0
0.00023093383,1.0,0.00022967184,1.0,0.0001416938,1.0
0.00023600168,1.0,0.00024423888,1.0,0.0001452271,1.0
0.00026570636,1.0,0.00026546957,1.0,0.00014608169,1.0
0.00022099692,1.0,0.00018274915,1.0,0.00012484821,1.0
0.00025233175,1.0,0.00019530908,1.0,0.00012960691,1.0
0.00021109039,1.0,0.000249693,1.0,0.0001416996,1.0
0.00024647673,1.0,0.00018750377,1.0,0.00012584425,1.0
0.00021269519,1.0,0.00019982393,1.0,0.0001300044,1.0
0.00019791035,1.0,0.0002227032,1.0,0.00013410949,1.0
0.0002747513,1.0,0.0003122366,1.0,0.00016121974,1.0
0.00023238678,1.0,0.00017758229,1.0,0.00011988848,1.0
0.00021663337,1.0,0.00019103936,1.0,0.00012190669,1.0
0.00024012089,1.0,0.00037611116,1.0,0.00017464923,1.0
0.00020346913,1.0,0.00018451213,1.0,0.0001223371,1.0
0.00020745437,1.0,0.00025110657,1.0,0.00014084317,1.0
0.00020723829,1.0,0.0002548055,1.0,0.00013212913,1.0
0.00021926517,1.0,0.00020143602,1.0,0.00012300159,1.0
0.0002080157,1.0,0.00019744452,1.0,0.00012225246,1.0
0.00025141553,1.0,0.0002638584,1.0,0.00014047546,1.0
0.00019753931,1.0,0.00019316922,1.0,0.00012012293,1.0
0.0001937492,1.0,0.00019808787,1.0,0.00012608005,1.0
0.00020317573,1.0,0.0002481463,1.0,0.00013300561,1.0
0.00021618327,1.0,0.00015648516,1.0,0.000107712855,1.0
0.00019841421,1.0,0.0003062402,1.0,0.00014560124,1.0
0.00019279882,1.0,0.00015824886,1.0,0.00010674591,1.0
0.00021496562,1.0,0.00019206946,1.0,0.00011627202,1.0
0.00020080987,1.0,0.00015240509,1.0,0.00010432587,1.0
0.00017657917,1.0,0.00020644571,1.0,0.00011951891,1.0
0.00018823946,1.0,0.00015520558,1.0,0.0001063676,1.0
0.00018047853,1.0,0.00018882426,1.0,0.00012075336,0.99996245
0.00021230218,1.0,0.00018604752,1.0,0.000111406735,1.0
0.0002129968,1.0,0.00026050818,1.0,0.0001309364,1.0
0.00016924027,1.0,0.00015185337,1.0,0.00010261377,1.0
0.0001986798,1.0,0.00019979783,1.0,0.00011611262,1.0
0.00019405497,1.0,0.00015766785,1.0,0.00010332932,1.0
0.00018779674,1.0,0.00015259157,1.0,9.919098e-05,1.0
0.00017934738,1.0,0.00020839712,1.0,0.000115748466,1.0
0.00018046792,1.0,0.00014796738,1.0,9.734701e-05,1.0
0.0002003207,1.0,0.00019396012,1.0,0.00010695269,1.0
0.0001632121,1.0,0.00019653006,1.0,0.000111532594,1.0
0.00019541912,1.0,0.00014631233,1.0,9.495582e-05,1.0
0.00016222097,1.0,0.000244367,1.0,0.00012204868,1.0
0.0001785968,1.0,0.00029045093,1.0,0.00013339559,1.0
0.00020339887,1.0,0.00017360412,1.0,0.00010134039,1.0
0.00017738334,1.0,0.0002267803,1.0,0.000116408264,1.0
0.00016177232,1.0,0.00014891244,1.0,9.476872e-05,1.0
0.00016479136,1.0,0.00014101475,1.0,9.117173e-05,1.0
0.00018364105,1.0,0.00017139477,1.0,9.9303514e-05,1.0
0.00014637229,1.0,0.00017191164,1.0,0.0001044625,1.0
0.00017309476,1.0,0.00012911363,1.0,8.90777e-05,1.0
0.00013486485,1.0,0.00013318847,1.0,9.214047e-05,1.0
0.00019347614,1.0,0.00019721454,1.0,0.000109833985,1.0
0.00017972755,1.0,0.00014859697,1.0,9.319955e-05,1.0
0.00014146058,1.0,0.00031160508,1.0,0.00013921432,1.0
0.00019907241,1.0,0.00012180705,1.0,8.3852225e-05,1.0
0.00015172928,1.0,0.0001555378,1.0,9.2518996e-05,1.0
0.0001640275,1.0,0.00020498385,1.0,0.0001061035,1.0
0.0001820206,1.0,0.00018952214,1.0,0.00010534234,1.0
0.00012473724,1.0,0.00012314368,1.0,8.584276e-05,1.0
0.00013627965,1.0,0.00011373107,1.0,8.110178e-05,1.0
0.00019890946,1.0,0.00012190647,1.0,8.204967e-05,1.0
0.00016325229,1.0,0.00013659129,1.0,8.704959e-05,1.0
0.00014848946,1.0,0.00013066577,1.0,8.787101e-05,1.0
0.00011740275,1.0,0.00016527764,1.0,9.20837e-05,1.0
0.00016377568,1.0,0.0003477722,1.0,0.00014252332,1.0
0.00018283617,1.0,0.00014533673,1.0,8.8188724e-05,1.0
0.00014662095,1.0,0.00011258172,1.0,7.727774e-05,1.0
0.00013348617,1.0,0.0002154888,1.0,0.000112558286,1.0
0.00015716962,1.0,0.00018757187,1.0,0.00010365104,1.0
0.00014416916,1.0,0.00021221138,1.0,9.970642e-05,1.0
0.00015376158,1.0,0.00011496039,1.0,7.4881726e-05,1.0
0.00017781304,1.0,0.00021612641,1.0,0.00010156706,1.0
0.00013729253,1.0,0.00017848538,1.0,9.25043e-05,1.0
0.00013874378,1.0,0.000115382914,1.0,7.5380034e-05,1.0
0.00017040737,1.0,0.0001680734,1.0,9.1166556e-05,1.0
0.0001299772,1.0,0.00012770978,1.0,7.495125e-05,1.0
0.00013482684,1.0,0.00018628522,1.0,9.383546e-05,1.0
0.00014208774,1.0,0.00011696372,1.0,7.59479e-05,1.0
0.0001627023,1.0,0.00014758034,1.0,8.291633e-05,1.0
0.00014310564,1.0,0.00012285731,1.0,7.575085e-05,1.0
0.00016397549,1.0,0.00014672198,1.0,8.100314e-05,1.0
0.000114152084,1.0,0.00010511943,1.0,7.019466e-05,1.0
0.00014321765,1.0,0.00013318766,1.0,7.828506e-05,1.0
0.00014509005,1.0,0.00019388665,1.0,9.492043e-05,1.0
0.00013927266,1.0,0.00016414266,1.0,8.8817476e-05,1.0
0.0001521628,1.0,0.00010951192,1.0,7.1105074e-05,1.0
0.00012067018,1.0,0.0001565013,1.0,8.5006424e-05,1.0
0.00013770396,1.0,0.00010483898,1.0,7.072753e-05,1.0
0.00015364042,1.0,0.0001050885,1.0,7.035745e-05,1.0
0.00016586987,1.0,0.00014924449,1.0,7.889239e-05,1.0
0.00012816714,1.0,0.00010131275,1.0,6.840445e-05,1.0
0.0001448068,1.0,0.00018249612,1.0,9.353568e-05,1.0
0.00013423886,1.0,0.00018577468,1.0,9.069556e-05,1.0
0.00012370183,1.0,0.000103633625,1.0,6.878142e-05,1.0
0.000114439885,1.0,0.00014383116,1.0,8.136853e-05,1.0
0.00017506468,1.0,0.00015552067,1.0,8.273416e-05,1.0
0.000121899786,1.0,0.00012327092,1.0,7.60233e-05,1.0
0.0001394881,1.0,9.97643e-05,1.0,6.765568e-05,1.0
9.864723e-05,1.0,0.00010008228,1.0,6.666908e-05,1.0
0.00016769966,1.0,0.00011052547,1.0,7.186394e-05,1.0
0.00012831198,1.0,0.00021021317,1.0,9.644212e-05,1.0
0.00011925296,1.0,0.00023425305,1.0,0.00010277682,1.0
0.00015349097,1.0,0.00018772588,1.0,8.8471694e-05,1.0
0.0001362783,1.0,0.00014844224,1.0,7.771105e-05,1.0
0.0001330796,1.0,9.8487326e-05,1.0,6.590698e-05,1.0
0.00012355523,1.0,0.00012782874,1.0,7.2987525e-05,1.0
0.000112970825,1.0,9.5036e-05,1.0,6.4250926e-05,1.0
0.00017465427,1.0,0.00011440421,1.0,6.976944e-05,1.0
0.000142826,1.0,0.00010086261,1.0,6.472417e-05,1.0
0.00013100012,1.0,0.00017545992,1.0,8.74209e-05,1.0
0.00012366213,1.0,0.00015281666,1.0,7.7124e-05,1.0
0.00012234753,1.0,0.00016963929,1.0,8.3687126e-05,1.0
0.00015149916,1.0,0.00014956133,1.0,7.641721e-05,1.0
0.00010471349,1.0,8.866406e-05,1.0,6.3309904e-05,1.0
0.00012086398,1.0,0.000111172936,1.0,6.701695e-05,1.0
0.00014460958,1.0,0.0001498158,1.0,8.1045175e-05,1.0
0.00014348696,1.0,0.00010744917,1.0,6.7348854e-05,1.0
0.00012374534,1.0,0.00011044789,1.0,6.677826e-05,1.0
0.00011290159,1.0,0.000119689306,1.0,7.036708e-05,1.0
0.00012351372,1.0,9.321874e-05,1.0,6.4320884e-05,1.0
0.00012397845,1.0,0.000114934686,1.0,6.753782e-05,1.0
0.00014734852,1.0,0.00017259826,1.0,8.255557e-05,1.0
0.0001506221,1.0,0.00012671738,1.0,7.081437e-05,1.0
0.0001088607,1.0,8.915115e-05,1.0,6.0242688e-05,1.0
0.00010251891,1.0,9.003718e-05,1.0,6.287536e-05,1.0
0.00014294777,1.0,0.00010420727,1.0,6.513866e-05,1.0
0.0001593578,1.0,0.0001476934,1.0,7.564413e-05,1.0
0.00011370703,1.0,7.898956e-05,1.0,5.7665056e-05,1.0
8.416953e-05,1.0,8.622765e-05,1.0,5.959255e-05,1.0
0.00013676134,1.0,0.0001383315,1.0,7.4189855e-05,1.0
0.00015138171,1.0,0.00012329419,1.0,7.007033e-05,1.0
0.00014149613,1.0,0.000106439875,1.0,6.3462256e-05,1.0
9.161301e-05,1.0,0.00012871527,1.0,7.111133e-05,1.0
0.00012928912,1.0,9.256024e-05,1.0,6.175544e-05,1.0
0.00012176486,1.0,0.00012970362,1.0,6.842955e-05,1.0
0.00013279557,1.0,7.932992e-05,1.0,5.6745936e-05,1.0
0.0001326767,1.0,0.00010079928,1.0,6.4067564e-05,1.0
0.00014007077,1.0,0.000107476175,1.0,6.36785e-05,1.0
0.00011377702,1.0,0.00010828467,1.0,6.6526176e-05,1.0
9.9242134e-05,1.0,0.0001507275,1.0,7.6274795e-05,1.0
0.00016142215,1.0,0.000103854945,1.0,6.375984e-05,1.0
0.000114151684,1.0,0.00010505172,1.0,6.254631e-05,1.0
0.00010420504,1.0,9.190297e-05,1.0,5.9590337e-05,1.0
0.00013688156,1.0,0.00017037943,1.0,8.216087e-05,1.0
0.00012502303,1.0,7.723904e-05,1.0,5.572655e-05,1.0
9.1172165e-05,1.0,0.00010878116,1.0,6.395901e-05,1.0
0.00012765992,1.0,0.00012393805,1.0,6.687698e-05,1.0
0.00014635637,1.0,0.00030296398,1.0,0.00011516296,1.0
0.00012551743,1.0,8.0624835e-05,1.0,5.670008e-05,1.0
9.857327e-05,1.0,8.16346e-05,1.0,5.6411343e-05,1.0
0.00012084682,1.0,8.954221e-05,1.0,5.805118e-05,1.0
0.00012962495,1.0,0.00015311524,1.0,7.340819e-05,1.0
0.00012585086,1.0,0.00012418785,1.0,6.788604e-05,1.0
0.00011710394,1.0,0.00015093545,1.0,7.5455086e-05,1.0
0.00012949744,1.0,8.1639446e-05,1.0,5.6213958e-05,1.0
0.0001307899,1.0,8.476743e-05,1.0,5.657348e-05,1.0
0.00011219474,1.0,0.000116370866,1.0,6.4968175e-05,1.0
0.0001226509,1.0,0.00010255743,1.0,6.194106e-05,1.0
0.00012158246,1.0,0.00011066414,1.0,6.2701525e-05,1.0
9.310777e-05,1.0,9.523854e-05,1.0,5.7700297e-05,1.0
0.00017120012,1.0,0.00017046096,1.0,7.768291e-05,1.0
0.000114106806,1.0,0.0002128361,1.0,8.99435e-05,1.0
9.5731935e-05,1.0,0.00021041553,1.0,8.8858695e-05,1.0
0.00012467474,1.0,7.9852834e-05,1.0,5.509412e-05,1.0
9.764246e-05,1.0,7.886924e-05,1.0,5.510099e-05,1.0
0.00013004548,1.0,0.00013784834,1.0,6.975415e-05,1.0
0.00012707597,1.0,9.1267575e-05,1.0,5.8199974e-05,1.0
0.000105925705,1.0,9.893305e-05,1.0,6.1014063e-05,1.0
0.00011138073,1.0,0.00015512528,1.0,7.580858e-05,1.0
0.000119372526,1.0,7.530108e-05,1.0,5.3531858e-05,1.0
0.0001232895,1.0,0.00016978921,1.0,7.6587276e-05,1.0
0.000114318194,1.0,9.1196394e-05,1.0,5.8404723e-05,1.0
0.00012067772,1.0,0.0001552788,1.0,7.402798e-05,1.0
0.00011292998,1.0,7.208836e-05,1.0,5.241949e-05,1.0
0.000104852,1.0,0.00021091223,1.0,8.940017e-05,1.0
0.00014490486,1.0,8.865031e-05,1.0,5.445926e-05,1.0
0.0001238721,1.0,0.0001429464,1.0,7.070053e-05,1.0
8.4737316e-05,1.0,7.8209334e-05,1.0,5.404029e-05,1.0
0.00014493831,1.0,9.442327e-05,1.0,5.6097117e-05,1.0
0.00014679131,1.0,0.00011083846,1.0,6.1860745e-05,1.0
9.811988e-05,1.0,7.453753e-05,1.0,5.2933185e-05,1.0
9.979181e-05,1.0,7.5693315e-05,1.0,5.278838e-05,1.0
0.000102689395,1.0,0.0001202581,1.0,6.58165e-05,1.0
0.00011908169,1.0,8.420479e-05,1.0,5.5316366e-05,1.0
0.00015056354,1.0,0.00013327827,1.0,6.687235e-05,1.0
0.00010525145,1.0,9.335415e-05,1.0,6.0244e-05,1.0
0.00010137427,1.0,0.00010314803,1.0,6.3075866e-05,1.0
0.00011641286,1.0,9.231305e-05,1.0,5.6772482e-05,1.0
0.00011558022,1.0,0.0002288935,1.0,9.2310416e-05,1.0
0.00012183902,1.0,8.4025145e-05,1.0,5.4366497e-05,1.0
0.00012717211,1.0,8.9793386e-05,1.0,5.5436933e-05,1.0
0.00010275232,1.0,0.000103014434,1.0,6.089281e-05,1.0
8.715546e-05,1.0,7.619225e-05,1.0,5.168905e-05,1.0
0.0001386665,1.0,0.00013110634,1.0,6.693261e-05,1.0
0.000107867316,1.0,8.9498615e-05,1.0,5.5000964e-05,1.0
0.00012943137,1.0,0.00012248787,1.0,6.479062e-05,1.0
8.417619e-05,1.0,7.2565956e-05,1.0,5.1625717e-05,1.0
0.000118794705,1.0,0.00017688861,1.0,7.815634e-05,1.0
0.00015260786,1.0,0.00014919238,1.0,6.925459e-05,1.0
0.00010584153,1.0,7.16824e-05,1.0,5.1167008e-05,1.0
9.3264774e-05,1.0,0.00021559461,1.0,8.9225374e-05,1.0
9.402249e-05,1.0,0.00012033988,1.0,6.453991e-05,1.0
0.00011679039,1.0,0.00011559196,1.0,6.3057174e-05,1.0
0.00016096448,1.0,0.00017316356,1.0,7.496137e-05,1.0
9.610468e-05,1.0,8.5759595e-05,1.0,5.340505e-05,1.0
0.000108260705,1.0,0.00010867625,1.0,6.102271e-05,1.0
0.00013047156,1.0,0.00015863072,1.0,7.396181e-05,1.0
0.00011174274,1.0,0.00011651911,1.0,6.0468246e-05,1.0
8.1556704e-05,1.0,7.027006e-05,1.0,4.9286515e-05,1.0
0.000111719935,1.0,0.0001515028,1.0,7.019752e-05,1.0
0.00013398653,1.0,7.845939e-05,1.0,5.1983032e-05,1.0
0.000104404986,1.0,0.00010643998,1.0,5.975458e-05,1.0
9.317896e-05,1.0,7.7827615e-05,1.0,5.148002e-05,1.0
0.00010236053,1.0,8.877867e-05,1.0,5.463965e-05,1.0
0.00015569873,1.0,9.330186e-05,1.0,5.6076333e-05,1.0
0.00010593052,1.0,0.0002095223,1.0,8.5266285e-05,1.0
0.0001082094,1.0,8.527063e-05,1.0,5.2684285e-05,1.0
9.552222e-05,1.0,8.150357e-05,1.0,5.1660805e-05,1.0
0.000116382966,1.0,0.00015379275,1.0,6.861229e-05,1.0
0.00012717272,1.0,8.618309e-05,1.0,5.3351312e-05,1.0
9.336515e-05,1.0,8.205893e-05,1.0,5.1383875e-05,1.0
0.00011249758,1.0,6.953852e-05,1.0,4.9166505e-05,1.0
7.704177e-05,1.0,6.539645e-05,1.0,4.734931e-05,1.0
0.00014361825,1.0,9.183015e-05,1.0,5.488868e-05,1.0
0.00013748951,1.0,0.00013829768,1.0,6.60682e-05,1.0
9.9798934e-05,1.0,0.00011119596,1.0,6.40361e-05,1.0
9.554298e-05,1.0,8.305161e-05,1.0,5.2365856e-05,1.0
0.000110065135,1.0,8.99411e-05,1.0,5.3511936e-05,1.0
0.0001252308,1.0,7.158037e-05,1.0,4.8765312e-05,1.0
0.00010208929,1.0,0.000107255335,1.0,5.963704e-05,1.0
7.720834e-05,1.0,8.7073546e-05,1.0,5.5522036e-05,1.0
0.00013720118,1.0,0.00022617148,1.0,8.957915e-05,1.0
0.000114505805,1.0,8.7431574e-05,1.0,5.3306325e-05,1.0
0.000105678926,1.0,8.218332e-05,1.0,5.1517898e-05,1.0
8.586554e-05,1.0,9.840114e-05,1.0,5.4907036e-05,1.0
0.0001255236,1.0,8.67048e-05,1.0,5.3123462e-05,1.0
0.00011709248,1.0,9.0463385e-05,1.0,5.2121064e-05,1.0
8.623955e-05,1.0,0.00010055248,1.0,5.519192e-05,1.0
0.00011525793,1.0,9.188222e-05,1.0,5.3162905e-05,1.0
0.00011504293,1.0,9.2127964e-05,1.0,5.4123866e-05,1.0
0.00011583538,1.0,9.105756e-05,1.0,5.2608102e-05,1.0
0.00010949846,1.0,9.3760624e-05,1.0,5.5458055e-05,1.0
9.3488314e-05,1.0,7.4211945e-05,1.0,4.7909387e-05,1.0
0.00010565959,1.0,0.0001508132,1.0,6.965043e-05,1.0
0.000116503375,1.0,7.194851e-05,1.0,4.828554e-05,1.0
7.602838e-05,1.0,9.0172514e-05,1.0,5.2710915e-05,1.0
0.00012754132,1.0,8.5054155e-05,1.0,5.1029034e-05,1.0
0.00012526935,1.0,7.4881485e-05,1.0,4.8084738e-05,1.0
0.00011686627,1.0,9.881525e-05,1.0,5.4061227e-05,1.0
8.2115934e-05,1.0,0.00010609808,1.0,5.7332367e-05,1.0
0.000120268465,1.0,0.00012153567,1.0,6.172022e-05,1.0
0.000121143414,1.0,6.370635e-05,1.0,4.608967e-05,1.0
9.368116e-05,1.0,8.884561e-05,1.0,5.2500887e-05,1.0
0.00010135121,1.0,0.00013137644,1.0,6.373406e-05,1.0
0.00012282393,1.0,0.00013501434,1.0,6.411978e-05,1.0
8.8577945e-05,1.0,0.00020026012,1.0,7.916478e-05,1.0
0.0001217869,1.0,9.036197e-05,1.0,5.157766e-05,1.0
0.00011247224,1.0,0.00013622662,1.0,6.276894e-05,1.0
0.000118657874,1.0,9.487224e-05,1.0,5.2192176e-05,1.0
0.00010111415,1.0,6.4715045e-05,1.0,4.620348e-05,1.0
8.491008e-05,1.0,6.5625856e-05,1.0,4.647869e-05,1.0
0.00010808378,1.0,0.00015221059,1.0,6.54169e-05,1.0
0.00013405386,1.0,0.00011660372,1.0,5.8713427e-05,1.0
9.063258e-05,1.0,6.641493e-05,1.0,4.5554134e-05,1.0
8.407296e-05,1.0,0.00013492501,1.0,6.305852e-05,1.0
0.00010923244,1.0,0.00014928769,1.0,6.575393e-05,1.0
0.000112514346,1.0,0.00012604472,1.0,6.103631e-05,1.0
8.9593654e-05,1.0,9.529968e-05,1.0,5.1083924e-05,1.0
9.376649e-05,1.0,6.155284e-05,1.0,4.460598e-05,1.0
0.00014376643,1.0,0.00017502233,1.0,7.836652e-05,1.0
0.00012902093,1.0,9.271051e-05,1.0,5.1438197e-05,1.0
7.198661e-05,1.0,6.6237546e-05,1.0,4.5984158e-05,1.0
0.00010700608,1.0,0.00017610702,1.0,7.448009e-05,1.0
0.00011634685,1.0,6.969792e-05,1.0,4.5493758e-05,1.0
0.00010149814,1.0,6.570415e-05,1.0,4.611802e-05,1.0
8.0752e-05,1.0,6.266109e-05,1.0,4.492995e-05,1.0
0.00010626446,1.0,7.4480864e-05,1.0,4.7872712e-05,1.0
0.00012027072,1.0,9.0302834e-05,1.0,5.196886e-05,1.0
8.646418e-05,1.0,0.0002074656,1.0,7.9060985e-05,1.0
0.0001250466,1.0,7.318209e-05,1.0,4.7646143e-05,1.0
0.00011476203,1.0,0.00018814264,1.0,7.8075325e-05,1.0
0.000115657946,1.0,0.00013274545,1.0,6.157984e-05,1.0
8.162896e-05,1.0,0.00011111914,1.0,5.6703313e-05,1.0
0.000106673615,1.0,9.839712e-05,1.0,5.3691856e-05,1.0
0.000108167085,1.0,7.233095e-05,1.0,4.7574187e-05,1.0
8.825386e-05,1.0,7.152978e-05,1.0,4.812669e-05,1.0
0.00012249086,1.0,0.00012334598,1.0,6.131933e-05,1.0
8.798111e-05,1.0,6.8781905e-05,1.0,4.588264e-05,1.0
0.0001164233,1.0,0.000102104,1.0,5.620649e-05,1.0
8.484484e-05,1.0,6.687834e-05,1.0,4.5016048e-05,1.0
0.00014029435,1.0,0.0001850876,1.0,7.3537514e-05,1.0
8.153347e-05,1.0,7.484952e-05,1.0,4.7974467e-05,1.0
0.00010147351,1.0,6.5939996e-05,1.0,4.4422177e-05,1.0
7.3082854e-05,1.0,0.00010123986,1.0,5.398254e-05,1.0
0.00011421677,1.0,0.00013167471,1.0,6.118155e-05,1.0
0.00015799914,1.0,0.00015202153,1.0,6.4445354e-05,1.0
7.464169e-05,1.0,6.1376704e-05,1.0,4.2616062e-05,1.0
9.466644e-05,1.0,7.921855e-05,1.0,4.742914e-05,1.0
0.0001056163,1.0,7.846809e-05,1.0,4.8455757e-05,1.0
0.00010983024,1.0,0.00012727377,1.0,6.1025366e-05,1.0
0.0001233614,1.0,0.00011634317,1.0,5.790285e-05,1.0
7.304819e-05,1.0,0.000111820926,1.0,5.4501048e-05,1.0
9.307791e-05,1.0,0.00022576416,1.0,8.303361e-05,1.0
0.000111112204,1.0,0.00017775918,1.0,7.24557e-05,1.0
0.00014117234,1.0,6.5124616e-05,1.0,4.441653e-05,1.0
7.4127944e-05,1.0,6.8117086e-05,1.0,4.5760287e-05,1.0
0.000109932625,1.0,6.466806e-05,1.0,4.4409873e-05,1.0
9.277842e-05,1.0,7.328331e-05,1.0,4.6239657e-05,1.0
0.000106287654,1.0,0.0002174758,1.0,8.135701e-05,1.0
0.00012362284,1.0,8.4769796e-05,1.0,5.0164355e-05,1.0
0.000101973856,1.0,6.2020576e-05,1.0,4.3923526e-05,1.0
9.297323e-05,1.0,9.451954e-05,1.0,5.192396e-05,1.0
9.158082e-05,1.0,7.907847e-05,1.0,4.7146943e-05,1.0
8.239683e-05,1.0,0.00022035216,1.0,8.2874e-05,1.0
0.00013201556,1.0,9.5288444e-05,1.0,5.069989e-05,1.0
0.00011055234,1.0,6.16398e-05,1.0,4.3023625e-05,1.0
8.264746e-05,1.0,5.7462417e-05,1.0,4.2381744e-05,1.0
0.00010370573,1.0,8.0139995e-05,1.0,5.0217615e-05,1.0
9.8989185e-05,1.0,8.180611e-05,1.0,4.809455e-05,1.0
9.571428e-05,1.0,8.4186635e-05,1.0,4.790972e-05,1.0
0.000112825735,1.0,6.526729e-05,1.0,4.4075674e-05,1.0
9.949554e-05,1.0,0.00012848574,1.0,5.931826e-05,1.0
9.308706e-05,1.0,0.00011247291,1.0,5.679166e-05,1.0
0.00011848945,1.0,0.00010246405,1.0,5.310227e-05,1.0
0.00010639566,1.0,6.3313426e-05,1.0,4.2558913e-05,1.0
8.379316e-05,1.0,6.859051e-05,1.0,4.405145e-05,1.0
8.698027e-05,1.0,8.37297e-05,1.0,4.7762795e-05,1.0
0.00012589504,1.0,0.00020265732,1.0,7.7962206e-05,1.0
0.00010032319,1.0,0.00017367325,1.0,7.222536e-05,1.0
0.00010756839,1.0,6.524804e-05,1.0,4.358017e-05,1.0
8.431038e-05,1.0,9.1565686e-05,1.0,4.9445152e-05,1.0
0.00010114284,1.0,0.00019956977,1.0,7.7103636e-05,1.0
0.00012714256,1.0,8.125837e-05,1.0,4.706309e-05,1.0
7.510589e-05,1.0,0.00014286932,1.0,6.2972926e-05,1.0
0.00011613563,1.0,9.036119e-05,1.0,5.0185936e-05,1.0
8.7151195e-05,1.0,0.00012734024,1.0,5.871265e-05,1.0
9.0159534e-05,1.0,8.392929e-05,1.0,4.9016624e-05,1.0
0.000103765604,1.0,8.2299026e-05,1.0,4.852984e-05,1.0
0.00011828944,1.0,7.5753014e-05,1.0,4.513523e-05,1.0
0.00010719267,1.0,8.3280545e-05,1.0,4.747216e-05,1.0
7.116867e-05,1.0,0.000103170845,1.0,5.3021897e-05,1.0
0.00012787188,1.0,0.0002024641,1.0,7.7551405e-05,1.0
9.3792325e-05,1.0,8.418831e-05,1.0,4.7972906e-05,1.0
0.00010100946,1.0,8.788037e-05,1.0,4.8500904e-05,1.0
9.223459e-05,1.0,0.00012899899,1.0,5.9631435e-05,1.0
8.4601474e-05,1.0,6.9637594e-05,1.0,4.4241115e-05,1.0
0.00011279434,1.0,5.634404e-05,1.0,4.1397532e-05,1.0
0.00010631303,1.0,8.1472535e-05,1.0,4.6476787e-05,1.0
0.000118613374,1.0,7.0449634e-05,1.0,4.3816228e-05,1.0
8.776214e-05,1.0,0.00011723851,1.0,5.523032e-05,1.0
0.00010685026,1.0,6.335729e-05,1.0,4.2629537e-05,1.0
7.895689e-05,1.0,8.1418235e-05,1.0,4.734253e-05,1.0
9.159304e-05,1.0,0.0001386978,1.0,6.0298855e-05,1.0
0.0001167096,1.0,9.385534e-05,1.0,5.018994e-05,1.0
0.0001002746,1.0,5.890301e-05,1.0,4.1704436e-05,1.0
9.4168056e-05,1.0,5.9040813e-05,1.0,4.090515e-05,1.0
8.564689e-05,1.0,5.894624e-05,1.0,4.1218944e-05,1.0
0.00012299318,1.0,0.00014035412,1.0,6.014927e-05,1.0
9.442094e-05,1.0,0.00015353593,1.0,6.5558444e-05,1.0
0.00011920167,1.0,8.103801e-05,1.0,4.6092053e-05,1.0
7.115116e-05,1.0,9.179015e-05,1.0,4.8642614e-05,1.0
9.311786e-05,1.0,8.841997e-05,1.0,5.044898e-05,1.0
0.00012771663,1.0,0.00011771387,1.0,5.6968693e-05,1.0
0.000102609694,1.0,0.00016409994,1.0,6.717865e-05,1.0
7.676634e-05,1.0,5.7860136e-05,1.0,4.1068502e-05,1.0
0.00010086483,1.0,0.000105197185,1.0,5.1338673e-05,1.0
0.00011819544,1.0,0.00024794278,1.0,8.844335e-05,1.0
7.861168e-05,1.0,6.022008e-05,1.0,4.1107443e-05,1.0
0.000114706105,1.0,0.00012456819,1.0,5.792127e-05,1.0
7.322448e-05,1.0,5.8316593e-05,1.0,4.0349285e-05,1.0
0.000118596276,1.0,0.00010380156,1.0,5.1773033e-05,1.0
9.794128e-05,1.0,5.9604907e-05,1.0,4.0377716e-05,1.0
8.429586e-05,1.0,0.00014781783,1.0,6.292359e-05,1.0
8.313487e-05,1.0,0.0001363926,1.0,5.8653473e-05,1.0
0.00011726312,1.0,0.00011186955,1.0,5.337001e-05,1.0
0.00010507114,1.0,5.4880045e-05,1.0,3.9175477e-05,1.0
0.00011729225,1.0,0.00012495517,1.0,5.8122743e-05,1.0
7.077449e-05,1.0,6.253047e-05,1.0,4.064777e-05,1.0
9.1229034e-05,1.0,7.256786e-05,1.0,4.4781587e-05,1.0
0.00010997662,1.0,5.974959e-05,1.0,4.0522373e-05,1.0
0.00011749227,1.0,0.00012518924,1.0,5.6372035e-05,1.0
8.487801e-05,1.0,0.00012440787,1.0,5.8188707e-05,1.0
7.1172144e-05,1.0,6.690426e-05,1.0,4.2583375e-05,1.0
9.186039e-05,1.0,6.60876e-05,1.0,4.2027204e-05,1.0
0.00014820126,1.0,8.336817e-05,1.0,4.6673606e-05,1.0
8.265654e-05,1.0,0.00011686927,1.0,5.3480893e-05,1.0
9.207e-05,1.0,0.00016776628,1.0,6.8294976e-05,1.0
8.081511e-05,1.0,5.6212888e-05,1.0,3.9950053e-05,1.0
0.00012410399,1.0,7.599647e-05,1.0,4.6008867e-05,1.0
7.750955e-05,1.0,0.0001701348,1.0,6.826269e-05,1.0
0.00010184594,1.0,9.85883e-05,1.0,5.008265e-05,1.0
0.00012400083,1.0,0.00010090066,1.0,5.1780295e-05,1.0
9.1360016e-05,1.0,9.123783e-05,1.0,4.767532e-05,1.0
8.745991e-05,1.0,9.163659e-05,1.0,4.7220015e-05,1.0
9.30618e-05,1.0,9.5201765e-05,1.0,4.823139e-05,1.0
8.5526844e-05,1.0,0.000113865535,1.0,5.4217013e-05,1.0
0.00012779664,1.0,8.33609e-05,1.0,4.5781646e-05,1.0
7.728322e-05,1.0,5.6242967e-05,1.0,3.9638086e-05,1.0
9.065054e-05,1.0,0.0002040958,1.0,7.586293e-05,1.0
0.00010276256,1.0,7.604043e-05,1.0,4.3432792e-05,1.0
0.00010415826,1.0,0.00013645423,1.0,5.9300703e-05,1.0
7.905353e-05,1.0,6.109967e-05,1.0,4.011725e-05,1.0
9.612633e-05,1.0,5.692522e-05,1.0,3.9797724e-05,1.0
0.000116462055,1.0,0.00017890555,1.0,6.993399e-05,1.0
9.580356e-05,1.0,5.3569696e-05,1.0,3.8573246e-05,1.0
7.148063e-05,1.0,0.00013539768,1.0,5.902897e-05,1.0
0.00010417401,1.0,5.810618e-05,1.0,3.9542912e-05,1.0
9.156267e-05,1.0,7.335131e-05,1.0,4.330834e-05,1.0
0.00011753208,1.0,8.167581e-05,1.0,4.5511486e-05,1.0
9.28334e-05,1.0,8.320552e-05,1.0,4.73113e-05,1.0
9.114847e-05,1.0,6.499167e-05,1.0,4.245474e-05,1.0
0.000100290425,1.0,6.547642e-05,1.0,4.0754596e-05,1.0
8.313656e-05,1.0,0.00010731551,1.0,5.3185948e-05,1.0
0.000113144095,1.0,6.062874e-05,1.0,4.0348015e-05,1.0
0.00010832304,1.0,6.557365e-05,1.0,4.1486153e-05,1.0
5.908081e-05,1.0,7.604911e-05,1.0,4.4233322e-05,1.0
0.000120957724,1.0,7.963556e-05,1.0,4.500822e-05,1.0
7.5088705e-05,1.0,0.0001472371,1.0,6.0088325e-05,1.0
0.00010076664,1.0,8.094053e-05,1.0,4.5118413e-05,1.0
0.00010545639,1.0,9.073402e-05,1.0,4.64004e-05,1.0
9.9430756e-05,1.0,0.00011903321,1.0,5.3877684e-05,1.0
8.603993e-05,1.0,7.450401e-05,1.0,4.45651e-05,1.0
0.00011622709,1.0,7.001438e-05,1.0,4.1594903e-05,1.0
6.7224086e-05,1.0,7.8477875e-05,1.0,4.5270157e-05,1.0
0.00010335063,1.0,6.320334e-05,1.0,4.094803e-05,1.0
9.937801e-05,1.0,0.00010461209,1.0,5.1038223e-05,1.0
0.00013207704,1.0,0.00019720268,1.0,7.430327e-05,1.0
7.7088174e-05,1.0,7.959079e-05,1.0,4.557502e-05,1.0
7.1177776e-05,1.0,7.420076e-05,1.0,4.247064e-05,1.0
0.000118211916,1.0,9.542141e-05,1.0,4.8709364e-05,1.0
9.3257695e-05,1.0,0.00015927076,1.0,6.363202e-05,1.0
0.00011607339,1.0,6.276897e-05,1.0,4.0649567e-05,1.0
8.950782e-05,1.0,6.883412e-05,1.0,4.18691e-05,1.0
5.863675e-05,1.0,0.00010511453,1.0,5.0340757e-05,1.0
0.00012179729,1.0,7.6891636e-05,1.0,4.4710894e-05,1.0
9.238717e-05,1.0,6.622388e-05,1.0,4.0689425e-05,1.0
9.185078e-05,1.0,6.340686e-05,1.0,3.9877035e-05,1.0
6.6716726e-05,1.0,5.7645066e-05,1.0,3.8741888e-05,1.0
8.7022076e-05,1.0,0.00016710615,1.0,6.46325e-05,1.0
0.00015306976,1.0,7.053606e-05,1.0,4.1791198e-05,1.0
7.5039396e-05,1.0,0.000118893106,1.0,5.2809897e-05,1.0
8.92212e-05,1.0,6.290464e-05,1.0,3.937886e-05,1.0
7.730475e-05,1.0,0.000118518816,1.0,5.3479e-05,1.0
0.00013341404,1.0,5.3946245e-05,1.0,3.820182e-05,1.0
8.2680395e-05,1.0,8.734567e-05,1.0,4.6335525e-05,1.0
9.7790755e-05,1.0,8.332106e-05,1.0,4.377707e-05,1.0
7.819158e-05,1.0,5.163522e-05,1.0,3.7199778e-05,1.0
7.42601e-05,1.0,0.000104209656,1.0,5.1180556e-05,1.0
0.00012816963,1.0,0.00014213866,1.0,5.8862162e-05,1.0
9.355978e-05,1.0,0.00010847507,1.0,5.152798e-05,1.0
0.00011505575,1.0,9.9485536e-05,1.0,4.9670885e-05,1.0
8.376235e-05,1.0,7.946863e-05,1.0,4.352021e-05,1.0
7.7883735e-05,1.0,6.221634e-05,1.0,4.0150004e-05,1.0
6.90092e-05,1.0,6.501495e-05,1.0,4.023579e-05,1.0
0.00013490701,1.0,6.988599e-05,1.0,4.149886e-05,1.0
0.00010118041,1.0,8.638195e-05,1.0,4.4442666e-05,1.0
8.116101e-05,1.0,7.259793e-05,1.0,4.2999403e-05,1.0
8.266235e-05,1.0,5.990804e-05,1.0,3.9397684e-05,1.0
0.000104478895,1.0,0.00018959054,1.0,7.0781876e-05,1.0
9.693618e-05,1.0,8.5141524e-05,1.0,4.667267e-05,1.0
9.736998e-05,1.0,6.348028e-05,1.0,3.9370647e-05,1.0
5.9471036e-05,1.0,6.177358e-05,1.0,3.8550996e-05,1.0
0.00011474051,1.0,0.00014624579,1.0,6.0222934e-05,1.0
0.000120467084,1.0,0.00012458324,1.0,5.4810094e-05,1.0
7.5619464e-05,1.0,5.367484e-05,1.0,3.697056e-05,1.0
6.0741408e-05,1.0,5.2724943e-05,1.0,3.7037466e-05,1.0
0.00011415098,1.0,0.00011675288,1.0,5.316004e-05,1.0
0.00012749355,1.0,0.00012375618,1.0,5.3786807e-05,1.0
9.180821e-05,1.0,6.687609e-05,1.0,4.0840227e-05,1.0
7.133124e-05,1.0,5.293178e-05,1.0,3.662163e-05,1.0
7.467161e-05,1.0,7.45766e-05,1.0,4.2012794e-05,1.0
0.00010592435,1.0,0.00015698173,1.0,6.356627e-05,1.0
0.00011613966,1.0,0.00014773248,1.0,5.963246e-05,1.0
7.646055e-05,1.0,5.3615226e-05,1.0,3.6761634e-05,1.0
9.374816e-05,1.0,0.0003713773,1.0,0.000113445734,1.0
0.000104498395,1.0,5.8751815e-05,1.0,3.8373335e-05,1.0
9.898641e-05,1.0,6.908141e-05,1.0,3.9923845e-05,1.0
9.460274e-05,1.0,6.664442e-05,1.0,3.9938383e-05,1.0
6.917351e-05,1.0,6.432419e-05,1.0,3.950436e-05,1.0
7.175497e-05,1.0,0.0001326675,1.0,5.7492718e-05,1.0
0.000119941586,1.0,0.00028880205,1.0,9.312598e-05,1.0
0.000119759774,1.0,4.9959242e-05,1.0,3.5872737e-05,1.0
6.357957e-05,1.0,6.749119e-05,1.0,3.9883096e-05,1.0
7.925157e-05,1.0,6.917648e-05,1.0,4.0144263e-05,1.0
0.00011662423,1.0,9.688007e-05,1.0,4.938242e-05,1.0
9.73406e-05,1.0,7.800616e-05,1.0,4.3536715e-05,1.0
8.316574e-05,1.0,5.6278997e-05,1.0,3.7842812e-05,1.0
8.169283e-05,1.0,0.00010364146,1.0,4.9834343e-05,1.0
0.00010818324,1.0,6.0015955e-05,1.0,3.7938084e-05,1.0
7.683053e-05,1.0,8.0458565e-05,1.0,4.2439402e-05,1.0
0.00010769129,1.0,6.780289e-05,1.0,3.9643266e-05,1.0
7.729176e-05,1.0,7.517172e-05,1.0,4.1066793e-05,1.0
0.000114304086,1.0,5.3398955e-05,1.0,3.683135e-05,1.0
8.31356e-05,1.0,0.00010171368,1.0,4.919034e-05,1.0
9.013236e-05,1.0,7.09221e-05,1.0,4.0485906e-05,1.0
6.8594076e-05,1.0,0.00010560022,1.0,4.836174e-05,1.0
0.00014364492,1.0,5.6680703e-05,1.0,3.7569152e-05,1.0
8.737342e-05,1.0,5.8582402e-05,1.0,3.8429884e-05,1.0
6.067369e-05,1.0,5.197146e-05,1.0,3.627389e-05,1.0
0.0001166425,1.0,7.647804e-05,1.0,4.0764724e-05,1.0
6.421259e-05,1.0,6.858628e-05,1.0,4.028416e-05,1.0
9.7681426e-05,1.0,6.9386435e-05,1.0,4.0173705e-05,1.0
0.00011319664,1.0,6.364062e-05,1.0,3.9313392e-05,1.0
6.7767345e-05,1.0,0.00011279878,1.0,5.0591003e-05,1.0
0.000110672096,1.0,5.5088993e-05,1.0,3.6464557e-05,1.0
8.157468e-05,1.0,0.00021739089,1.0,7.691671e-05,1.0
9.1239715e-05,1.0,5.8562397e-05,1.0,3.858436e-05,1.0
9.277677e-05,1.0,0.000110722845,1.0,5.10063e-05,1.0
7.665002e-05,1.0,5.183102e-05,1.0,3.6022626e-05,1.0
0.00012035667,1.0,0.00012353311,1.0,5.0970033e-05,1.0
9.397268e-05,1.0,8.38475e-05,1.0,4.3477325e-05,1.0
7.720074e-05,1.0,8.209668e-05,1.0,4.3964294e-05,1.0
8.4737054e-05,1.0,0.00013277268,1.0,5.4819175e-05,1.0
9.159211e-05,1.0,8.111074e-05,1.0,4.335796e-05,1.0
0.00010943944,1.0,7.758711e-05,1.0,4.246188e-05,1.0
7.353855e-05,1.0,0.00013281545,1.0,5.5388813e-05,1.0
0.00010746173,1.0,8.245433e-05,1.0,4.3513814e-05,1.0
7.4243515e-05,1.0,0.00024247979,1.0,8.134215e-05,1.0
0.00010786464,1.0,0.000112752234,1.0,5.0413433e-05,1.0
7.952217e-05,1.0,5.1064577e-05,1.0,3.533863e-05,1.0
9.3281335e-05,1.0,8.362474e-05,1.0,4.4827528e-05,1.0
7.9304635e-05,1.0,0.00010896692,1.0,4.9722537e-05,1.0
9.706903e-05,1.0,0.00010210022,1.0,4.7450358e-05,1.0
9.534943e-05,1.0,5.3155058e-05,1.0,3.5975918e-05,1.0
0.00010516649,1.0,0.000108137254,1.0,4.9523012e-05,1.0
7.46201e-05,1.0,6.357972e-05,1.0,3.846749e-05,1.0
7.333103e-05,1.0,9.432943e-05,1.0,4.5824614e-05,1.0
0.00011541864,1.0,6.861426e-05,1.0,4.0505056e-05,1.0
7.956345e-05,1.0,0.00018156735,1.0,6.541567e-05,1.0
0.00010941075,1.0,8.190942e-05,1.0,4.2239197e-05,1.0
6.105208e-05,1.0,4.8452115e-05,1.0,3.4736426e-05,1.0
9.9006706e-05,1.0,0.00017802638,1.0,6.512326e-05,1.0
0.00010462015,1.0,0.000100033234,1.0,4.778827e-05,1.0
9.369975e-05,1.0,0.00010051675,1.0,4.7260437e-05,1.0
6.386343e-05,1.0,5.9850943e-05,1.0,3.8202677e-05,1.0
9.727209e-05,1.0,9.825939e-05,1.0,4.742958e-05,1.0
0.000105610496,1.0,8.750624e-05,1.0,4.3019532e-05,1.0
9.916117e-05,1.0,6.643076e-05,1.0,3.8801245e-05,1.0
6.332783e-05,1.0,5.2958727e-05,1.0,3.5825924e-05,1.0
9.8441116e-05,1.0,5.565835e-05,1.0,3.5965084e-05,1.0
9.115286e-05,1.0,0.0001028059,1.0,4.6481222e-05,1.0
0.00010994852,1.0,5.797544e-05,1.0,3.7369056e-05,1.0
7.8262936e-05,1.0,0.00013801307,1.0,5.5739765e-05,1.0
9.8187746e-05,1.0,8.603773e-05,1.0,4.3780685e-05,1.0
8.562856e-05,1.0,0.00013191375,1.0,5.498196e-05,1.0
9.501071e-05,1.0,0.00018092424,1.0,6.567193e-05,1.0
8.4307e-05,1.0,7.3122545e-05,1.0,4.103249e-05,1.0
8.395334e-05,1.0,0.000113792696,1.0,5.0485385e-05,1.0
0.00011051805,1.0,9.490899e-05,1.0,4.574889e-05,1.0
7.2204406e-05,1.0,5.376497e-05,1.0,3.6633188e-05,1.0
9.426908e-05,1.0,7.64759e-05,1.0,4.1023053e-05,1.0
8.067698e-05,1.0,7.810029e-05,1.0,4.148749e-05,1.0
0.00010102968,1.0,5.2290798e-05,1.0,3.528781e-05,1.0
9.903129e-05,1.0,5.6781315e-05,1.0,3.62873e-05,1.0
8.492392e-05,1.0,7.751111e-05,1.0,4.1914856e-05,1.0
9.861904e-05,1.0,5.4917175e-05,1.0,3.5713725e-05,1.0
5.2976975e-05,1.0,5.2996762e-05,1.0,3.514938e-05,1.0
0.0001024897,1.0,7.3913536e-05,1.0,4.113426e-05,1.0
9.524439e-05,1.0,6.431056e-05,1.0,3.8101593e-05,1.0
8.754901e-05,1.0,5.227106e-05,1.0,3.5461395e-05,1.0
9.0311354e-05,1.0,7.575215e-05,1.0,4.0245486e-05,1.0
9.7151744e-05,1.0,0.00019556822,1.0,7.1472874e-05,1.0
8.794326e-05,1.0,0.0001405288,1.0,5.6980207e-05,1.0
6.966721e-05,1.0,4.9998012e-05,1.0,3.4894252e-05,1.0
0.000107187545,1.0,6.0098148e-05,1.0,3.687486e-05,1.0
0.0001115935,1.0,7.383082e-05,1.0,4.1411706e-05,1.0
0.00010153762,1.0,6.494967e-05,1.0,3.7958194e-05,1.0
5.807157e-05,1.0,5.0582305e-05,1.0,3.4810888e-05,1.0
0.00011730641,1.0,8.815926e-05,1.0,4.3650776e-05,1.0
8.06733e-05,1.0,5.1719973e-05,1.0,3.489806e-05,1.0
9.404847e-05,1.0,8.096427e-05,1.0,4.2870473e-05,1.0
8.338381e-05,1.0,0.00010668339,1.0,4.8013113e-05,1.0
5.9319274e-05,1.0,4.820591e-05,1.0,3.429256e-05,1.0
0.00012227982,1.0,8.371263e-05,1.0,4.3913078e-05,1.0
8.685139e-05,1.0,0.000118646334,1.0,5.1447565e-05,1.0
8.324741e-05,1.0,6.2667554e-05,1.0,3.7393966e-05,1.0
7.044627e-05,1.0,7.13039e-05,1.0,3.9568775e-05,1.0
7.9272846e-05,1.0,5.491395e-05,1.0,3.5491954e-05,1.0
0.00011715819,1.0,7.1009985e-05,1.0,4.0337636e-05,1.0
6.947258e-05,1.0,7.458237e-05,1.0,4.1180596e-05,1.0
8.364996e-05,1.0,5.561838e-05,1.0,3.5632438e-05,1.0
9.1304035e-05,1.0,0.00017814094,1.0,6.5787455e-05,1.0
0.00011215265,1.0,8.179325e-05,1.0,4.0964173e-05,1.0
8.56722e-05,1.0,0.00013766138,1.0,5.580864e-05,1.0
8.687992e-05,1.0,0.00012280735,1.0,5.4044413e-05,1.0
6.5449785e-05,1.0,0.00012423174,1.0,5.2189567e-05,1.0
0.00011575321,1.0,5.1724193e-05,1.0,3.537219e-05,1.0
7.263313e-05,1.0,5.4275264e-05,1.0,3.5310513e-05,1.0
0.00010369275,1.0,0.0001666159,1.0,6.314431e-05,1.0
9.576817e-05,1.0,8.095593e-05,1.0,4.2937314e-05,1.0
8.927508e-05,1.0,7.849663e-05,1.0,4.0822157e-05,1.0
7.3488925e-05,1.0,0.00011012278,1.0,4.8292255e-05,1.0
7.772278e-05,1.0,0.00030349064,1.0,9.44273e-05,1.0
9.181845e-05,1.0,0.00012738425,1.0,5.2693245e-05,1.0
0.000110122244,1.0,0.0001601499,1.0,5.957803e-05,1.0
8.668706e-05,1.0,5.0775e-05,1.0,3.4601144e-05,1.0
6.0025966e-05,1.0,5.141509e-05,1.0,3.4363882e-05,1.0
8.716409e-05,1.0,0.00023008345,1.0,7.901587e-05,1.0
0.00013623529,1.0,9.063259e-05,1.0,4.505971e-05,1.0
8.538489e-05,1.0,4.7290683e-05,1.0,3.377029e-05,1.0
6.0626437e-05,1.0,5.4663928e-05,1.0,3.5148965e-05,1.0
6.929919e-05,1.0,0.00010053399,1.0,4.555184e-05,1.0
0.0001044424,1.0,5.8504145e-05,1.0,3.6570393e-05,1.0
0.00013126056,1.0,0.00010877251,1.0,4.9122737e-05,1.0
6.591032e-05,1.0,4.4759934e-05,1.0,3.2834545e-05,1.0
6.42241e-05,1.0,4.7899808e-05,1.0,3.385722e-05,1.0
7.922389e-05,1.0,5.2427593e-05,1.0,3.4902812e-05,1.0
8.5356805e-05,1.0,0.0001730882,1.0,6.317589e-05,1.0
0.00015969167,1.0,4.9214457e-05,1.0,3.4393466e-05,1.0
6.892934e-05,1.0,5.8808877e-05,1.0,3.6246114e-05,1.0
7.477821e-05,1.0,6.585244e-05,1.0,3.850144e-05,1.0
8.106568e-05,1.0,7.059064e-05,1.0,3.841015e-05,1.0
8.343832e-05,1.0,7.412433e-05,1.0,4.0731597e-05,1.0
0.00011234335,1.0,0.00018015862,1.0,6.7452034e-05,1.0
7.753294e-05,1.0,5.023935e-05,1.0,3.4185923e-05,1.0
7.8446974e-05,1.0,6.7543384e-05,1.0,3.8167575e-05,1.0
8.629179e-05,1.0,4.9954535e-05,1.0,3.3903412e-05,1.0
6.048741e-05,1.0,0.00012986964,1.0,5.335647e-05,1.0
0.00012054129,1.0,6.407487e-05,1.0,3.723825e-05,1.0
0.000101834856,1.0,9.0860194e-05,1.0,4.277773e-05,1.0
5.3840788e-05,1.0,5.435984e-05,1.0,3.4756682e-05,1.0
9.416507e-05,1.0,0.00019920543,1.0,7.021931e-05,1.0
0.000108958026,1.0,7.931829e-05,1.0,4.2198288e-05,1.0
8.195009e-05,1.0,6.420169e-05,1.0,3.7796595e-05,1.0
8.666197e-05,1.0,6.0573548e-05,1.0,3.750894e-05,1.0
9.905221e-05,1.0,9.5490366e-05,1.0,4.46543e-05,1.0
8.1102706e-05,1.0,8.54198e-05,1.0,4.194546e-05,1.0
0.0001133095,1.0,6.2643696e-05,1.0,3.6493348e-05,1.0
6.917642e-05,1.0,9.483368e-05,1.0,4.5645156e-05,1.0
8.229772e-05,1.0,6.504494e-05,1.0,3.7665795e-05,1.0
0.000117707874,1.0,5.2475385e-05,1.0,3.4474037e-05,1.0
7.844198e-05,1.0,6.292173e-05,1.0,3.685301e-05,1.0
5.5238652e-05,1.0,5.7820587e-05,1.0,3.614754e-05,1.0
7.1762006e-05,1.0,7.569827e-05,1.0,4.0838284e-05,1.0
0.0001349222,1.0,6.834522e-05,1.0,3.866052e-05,1.0
7.835539e-05,1.0,6.9104564e-05,1.0,3.8009035e-05,1.0
5.4548345e-05,1.0,5.9373255e-05,1.0,3.6052643e-05,1.0
9.038756e-05,1.0,8.9862784e-05,1.0,4.3906424e-05,1.0
0.00011853344,1.0,0.00015639333,1.0,5.9236154e-05,1.0
6.533407e-05,1.0,6.272629e-05,1.0,3.6543708e-05,1.0
8.2647384e-05,1.0,8.718776e-05,1.0,4.257003e-05,1.0
8.348623e-05,1.0,0.000102067046,1.0,4.6284593e-05,1.0
9.237884e-05,1.0,6.912873e-05,1.0,3.7827922e-05,1.0
8.848138e-05,1.0,7.855731e-05,1.0,4.040085e-05,1.0
9.690077e-05,1.0,0.000109184766,1.0,4.7967605e-05,1.0
6.968522e-05,1.0,5.1573792e-05,1.0,3.3787597e-05,1.0
0.00011223229,1.0,5.6370638e-05,1.0,3.547131e-05,1.0
6.320457e-05,1.0,8.823612e-05,1.0,4.335723e-05,1.0
0.00010168024,1.0,9.901101e-05,1.0,4.504209e-05,1.0
8.286843e-05,1.0,9.228706e-05,1.0,4.363377e-05,1.0
9.16926e-05,1.0,4.4089677e-05,1.0,3.2499185e-05,1.0
7.9270656e-05,1.0,6.014394e-05,1.0,3.6319165e-05,1.0
0.00011458174,1.0,9.195224e-05,1.0,4.251462e-05,1.0
7.163345e-05,1.0,6.757456e-05,1.0,3.7941383e-05,1.0
5.341222e-05,1.0,5.6324934e-05,1.0,3.5339035e-05,1.0
0.00010613269,1.0,0.00010695237,1.0,4.8110454e-05,1.0
9.0470196e-05,1.0,0.00015845266,1.0,6.040399e-05,1.0
0.00010420344,1.0,6.0410952e-05,1.0,3.5682137e-05,1.0
7.284374e-05,1.0,8.7824854e-05,1.0,4.4290922e-05,1.0
7.9338766e-05,1.0,6.202589e-05,1.0,3.6225527e-05,1.0
8.019073e-05,1.0,5.303055e-05,1.0,3.4944747e-05,1.0
8.970466e-05,1.0,0.00019430439,1.0,6.750888e-05,1.0
0.0001005882,1.0,7.069372e-05,1.0,3.8167233e-05,1.0
9.204947e-05,1.0,6.4363216e-05,1.0,3.7053553e-05,1.0
7.454771e-05,1.0,6.327203e-05,1.0,3.6872956e-05,1.0
8.614289e-05,1.0,0.0001287585,1.0,5.1951745e-05,1.0
9.1275855e-05,1.0,5.5734363e-05,1.0,3.462176e-05,1.0
8.4989326e-05,1.0,0.0001816308,1.0,6.3180785e-05,1.0
9.46252e-05,1.0,5.7151894e-05,1.0,3.4605328e-05,1.0
6.63445e-05,1.0,0.00013290838,1.0,5.275709e-05,1.0
8.272609e-05,1.0,5.8911333e-05,1.0,3.614767e-05,1.0
0.00010089322,1.0,5.8594876e-05,1.0,3.6113463e-05,1.0
0.00011242046,1.0,0.00010667344,1.0,4.8426064e-05,1.0
6.519748e-05,1.0,6.801097e-05,1.0,3.805932e-05,1.0
7.6736185e-05,1.0,5.5897177e-05,1.0,3.493947e-05,1.0
7.337128e-05,1.0,5.1590774e-05,1.0,3.3821507e-05,1.0
0.000121916644,1.0,0.000121244404,1.0,4.9595124e-05,1.0
7.777765e-05,1.0,7.681965e-05,1.0,3.9269125e-05,1.0
8.731327e-05,1.0,4.807369e-05,1.0,3.325225e-05,1.0
6.890543e-05,1.0,0.000121800644,1.0,5.1445586e-05,1.0
0.00012053666,1.0,8.208111e-05,1.0,4.1224863e-05,1.0
8.03926e-05,1.0,0.0001183266,1.0,4.9782433e-05,1.0
0.0001084813,1.0,8.935579e-05,1.0,4.3329193e-05,1.0
5.810126e-05,1.0,8.277276e-05,1.0,4.1713283e-05,1.0
6.958137e-05,1.0,9.7696786e-05,1.0,4.448445e-05,1.0
9.2113914e-05,1.0,8.246634e-05,1.0,4.1015905e-05,1.0
7.7852725e-05,1.0,4.7387737e-05,1.0,3.3230386e-05,1.0
0.00010440676,1.0,7.7265104e-05,1.0,3.954286e-05,1.0
8.468316e-05,1.0,7.0452144e-05,1.0,3.7604106e-05,1.0
8.115794e-05,1.0,0.00016660779,1.0,6.178176e-05,1.0
7.545039e-05,1.0,5.063977e-05,1.0,3.4790708e-05,1.0
0.00010039156,1.0,7.533432e-05,1.0,4.0859664e-05,1.0
9.426697e-05,1.0,5.6177632e-05,1.0,3.4468147e-05,1.0
6.566277e-05,1.0,5.5902554e-05,1.0,3.473263e-05,1.0
8.61323e-05,1.0,9.3476076e-05,1.0,4.47136e-05,1.0
0.00011001028,1.0,0.00014542973,1.0,5.728011e-05,1.0
8.703051e-05,1.0,6.898928e-05,1.0,3.8763887e-05,1.0
7.522073e-05,1.0,5.582845e-05,1.0,3.432162e-05,1.0
7.740464e-05,1.0,0.0001247846,1.0,4.93326e-05,1.0
0.00010426213,1.0,5.9978425e-05,1.0,3.5252422e-05,1.0
6.706157e-05,1.0,4.6186167e-05,1.0,3.2875785e-05,1.0
6.175776e-05,1.0,9.348215e-05,1.0,4.3853997e-05,1.0
9.6335876e-05,1.0,7.061791e-05,1.0,3.735992e-05,1.0
0.00011941511,1.0,0.0001123193,1.0,4.8156577e-05,1.0
7.3273965e-05,1.0,9.50421e-05,1.0,4.3908036e-05,1.0
6.970145e-05,1.0,0.00012151303,1.0,4.9396418e-05,1.0
9.2333874e-05,1.0,6.133608e-05,1.0,3.5673114e-05,1.0
0.00012015172,1.0,0.0001516004,1.0,5.6980338e-05,1.0
6.532305e-05,1.0,4.98996e-05,1.0,3.337368e-05,1.0
6.794631e-05,1.0,6.341107e-05,1.0,3.6836802e-05,1.0
8.343306e-05,1.0,6.806833e-05,1.0,3.7676713e-05,1.0
9.684904e-05,1.0,0.00014476225,1.0,5.5331817e-05,1.0
8.254206e-05,1.0,5.5774854e-05,1.0,3.4441768e-05,1.0
0.00010880094,1.0,0.00015766782,1.0,5.9389207e-05,1.0
6.403525e-05,1.0,4.946523e-05,1.0,3.2735723e-05,1.0
9.296669e-05,1.0,0.00012948432,1.0,5.241409e-05,1.0
8.7763096e-05,1.0,7.383553e-05,1.0,3.8112918e-05,1.0
5.5027216e-05,1.0,0.00010145189,1.0,4.5343728e-05,1.0
0.00011325418,1.0,5.896915e-05,1.0,3.5341352e-05,1.0
8.429559e-05,1.0,0.00010592865,1.0,4.630335e-05,1.0
0.00010389252,1.0,7.877498e-05,1.0,3.916636e-05,1.0
7.034407e-05,1.0,5.06888e-05,1.0,3.350938e-05,1.0
7.831664e-05,1.0,0.00014942022,1.0,5.6251247e-05,1.0
9.544284e-05,1.0,7.0307244e-05,1.0,3.777337e-05,1.0
0.00010260069,1.0,0.00010471755,1.0,4.5817476e-05,1.0
8.18531e-05,1.0,7.3740615e-05,1.0,3.8167815e-05,1.0
7.883071e-05,1.0,9.702387e-05,1.0,4.3644435e-05,1.0
7.7213146e-05,1.0,5.6009754e-05,1.0,3.409925e-05,1.0
6.314137e-05,1.0,8.535924e-05,1.0,4.0582225e-05,1.0
8.466664e-05,1.0,0.0001085933,1.0,4.68343e-05,1.0
0.00012644964,1.0,9.515087e-05,1.0,4.4385717e-05,1.0
7.601815e-05,1.0,6.0390437e-05,1.0,3.4853223e-05,1.0
7.575672e-05,1.0,8.418104e-05,1.0,4.1305226e-05,1.0
6.264014e-05,1.0,0.00014745306,1.0,5.633341e-05,1.0
8.344007e-05,1.0,0.00014293208,1.0,5.4738404e-05,1.0
0.00011296122,1.0,0.00021586657,1.0,7.07675e-05,1.0
9.124423e-05,1.0,0.00010615531,1.0,4.654568e-05,1.0
7.147994e-05,1.0,0.00018605466,1.0,6.547085e-05,1.0
7.579823e-05,1.0,7.054222e-05,1.0,3.8569506e-05,1.0
9.759734e-05,1.0,0.00010003854,1.0,4.5232162e-05,1.0
9.049681e-05,1.0,7.0851725e-05,1.0,3.8531274e-05,1.0
7.4885e-05,1.0,4.4301567e-05,1.0,3.1786316e-05,1.0
7.5078184e-05,1.0,6.5455126e-05,1.0,3.624354e-05,1.0
0.00010085406,1.0,0.0002818082,1.0,8.574556e-05,1.0
8.353815e-05,1.0,5.1697938e-05,1.0,3.3319906e-05,1.0
8.4637606e-05,1.0,8.681835e-05,1.0,4.1757063e-05,1.0
9.980472e-05,1.0,6.128761e-05,1.0,3.604927e-05,1.0
7.467898e-05,1.0,7.613569e-05,1.0,3.874696e-05,1.0
8.1973056e-05,1.0,7.543145e-05,1.0,3.8696126e-05,1.0
9.5841504e-05,1.0,4.8479214e-05,1.0,3.209718e-05,1.0
7.5226664e-05,1.0,5.409912e-05,1.0,3.3813278e-05,1.0
9.702794e-05,1.0,0.00019148356,1.0,6.736663e-05,1.0
8.09125e-05,1.0,6.7757086e-05,1.0,3.7515372e-05,1.0
7.7578865e-05,1.0,6.109036e-05,1.0,3.505192e-05,1.0
7.750094e-05,1.0,5.5971315e-05,1.0,3.3752294e-05,1.0
0.00011751795,1.0,0.00012807865,1.0,5.139519e-05,1.0
7.471443e-05,1.0,4.8776426e-05,1.0,3.2061445e-05,1.0
7.2380666e-05,1.0,6.547857e-05,1.0,3.6007397e-05,1.0
5.96588e-05,1.0,6.980009e-05,1.0,3.755317e-05,1.0
8.6592576e-05,1.0,8.526767e-05,1.0,4.204133e-05,1.0
0.00013718264,1.0,8.995341e-05,1.0,4.267881e-05,1.0
5.240347e-05,1.0,4.4481094e-05,1.0,3.1190288e-05,1.0
5.113939e-05,1.0,4.5036246e-05,1.0,3.1627707e-05,1.0
0.00013773445,1.0,0.0001882601,1.0,6.483411e-05,1.0
0.00010130978,1.0,6.329509e-05,1.0,3.564506e-05,1.0
6.026651e-05,1.0,5.633114e-05,1.0,3.4417277e-05,1.0
5.79104e-05,1.0,9.9674755e-05,1.0,4.3769953e-05,1.0
9.9075616e-05,1.0,7.529999e-05,1.0,4.003862e-05,1.0
8.670262e-05,1.0,9.968887e-05,1.0,4.435426e-05,1.0
9.817796e-05,1.0,0.00012918258,1.0,4.987142e-05,1.0
6.247228e-05,1.0,4.5183628e-05,1.0,3.148878e-05,1.0
7.4830576e-05,1.0,5.4446897e-05,1.0,3.448653e-05,1.0
0.00011689338,1.0,8.4917716e-05,1.0,4.0904837e-05,1.0
6.262338e-05,1.0,6.666536e-05,1.0,3.6462156e-05,1.0
7.4773656e-05,1.0,7.555412e-05,1.0,3.871824e-05,1.0
9.1132184e-05,1.0,5.4296528e-05,1.0,3.3928074e-05,1.0
0.00010929752,1.0,6.9422706e-05,1.0,3.8054754e-05,1.0
7.759584e-05,1.0,0.00023398947,1.0,7.62027e-05,1.0
7.345812e-05,1.0,4.5646288e-05,1.0,3.1517808e-05,1.0
7.0870046e-05,1.0,0.00014913699,1.0,5.6717585e-05,1.0
9.6981676e-05,1.0,0.000107411695,1.0,4.671892e-05,1.0
9.193095e-05,1.0,9.505943e-05,1.0,4.3679578e-05,1.0
8.2397026e-05,1.0,0.00014205415,1.0,5.5413515e-05,1.0
9.648837e-05,1.0,4.9547558e-05,1.0,3.2304575e-05,1.0
8.502884e-05,1.0,6.770627e-05,1.0,3.6668982e-05,1.0
9.8721444e-05,1.0,7.962957e-05,1.0,3.8839364e-05,1.0
4.8802238e-05,1.0,4.376433e-05,1.0,3.079641e-05,1.0
6.5296495e-05,1.0,6.0273367e-05,1.0,3.446439e-05,1.0
9.290512e-05,1.0,4.109144e-05,1.0,3.0331079e-05,1.0
0.00012269552,1.0,0.00016494477,1.0,5.9762147e-05,1.0
6.058711e-05,1.0,6.123827e-05,1.0,3.4965542e-05,1.0
7.9121535e-05,1.0,0.000113977105,1.0,4.7939142e-05,1.0
9.404108e-05,1.0,0.00011720721,1.0,4.6714908e-05,1.0
8.926475e-05,1.0,6.691621e-05,1.0,3.6340225e-05,1.0
7.821941e-05,1.0,0.000160906,1.0,5.6515102e-05,1.0
9.445571e-05,1.0,4.9910566e-05,1.0,3.261989e-05,1.0
8.553933e-05,1.0,6.118691e-05,1.0,3.5310295e-05,1.0
6.603196e-05,1.0,0.00017534278,1.0,6.017385e-05,1.0
8.77876e-05,1.0,4.147857e-05,1.0,3.0549705e-05,1.0
8.050944e-05,1.0,6.431322e-05,1.0,3.635966e-05,1.0
9.800202e-05,1.0,8.116143e-05,1.0,3.9415532e-05,1.0
7.629946e-05,1.0,6.808796e-05,1.0,3.6643643e-05,1.0
8.424957e-05,1.0,4.5896137e-05,1.0,3.149275e-05,1.0
9.851458e-05,1.0,6.035423e-05,1.0,3.49879e-05,1.0
7.292729e-05,1.0,6.958699e-05,1.0,3.675036e-05,1.0
0.00010034306,1.0,5.2220763e-05,1.0,3.2963617e-05,1.0
6.1032813e-05,1.0,0.000117822776,1.0,4.8070047e-05,1.0
9.358944e-05,1.0,7.7244775e-05,1.0,3.8712726e-05,1.0
8.972385e-05,1.0,0.00012324608,1.0,4.9577568e-05,1.0
6.2282124e-05,1.0,7.705717e-05,1.0,3.869919e-05,1.0
0.00013678834,1.0,6.858714e-05,1.0,3.63955e-05,1.0
6.146278e-05,1.0,5.9468675e-05,1.0,3.493413e-05,1.0
6.693609e-05,1.0,4.7053654e-05,1.0,3.1504074e-05,1.0
7.451478e-05,1.0,9.711903e-05,1.0,4.3210493e-05,1.0
8.7476365e-05,1.0,7.2020404e-05,1.0,3.6903188e-05,1.0
9.4519695e-05,1.0,4.2381238e-05,1.0,3.0562547e-05,1.0
8.156567e-05,1.0,5.1460203e-05,1.0,3.236363e-05,1.0
8.2922365e-05,1.0,4.749597e-05,1.0,3.1473464e-05,1.0
8.3820916e-05,1.0,5.6479075e-05,1.0,3.3752138e-05,1.0
7.9521174e-05,1.0,5.2225878e-05,1.0,3.2525117e-05,1.0
7.08606e-05,1.0,7.2591494e-05,1.0,3.7362028e-05,1.0
8.812922e-05,1.0,5.913507e-05,1.0,3.4467066e-05,1.0
8.0884034e-05,1.0,6.3574575e-05,1.0,3.5481513e-05,1.0
0.000103335784,1.0,0.00011954835,1.0,4.923539e-05,1.0
8.8307606e-05,1.0,5.8178746e-05,1.0,3.4388817e-05,1.0
4.5473837e-05,1.0,4.9426802e-05,1.0,3.1697913e-05,1.0
8.618303e-05,1.0,0.00010736574,1.0,4.616612e-05,1.0
9.846569e-05,1.0,6.502043e-05,1.0,3.5682955e-05,1.0
9.120209e-05,1.0,4.2605287e-05,1.0,3.0562132e-05,1.0
5.4029733e-05,1.0,0.00010600048,1.0,4.585554e-05,1.0
0.00011185838,1.0,0.00026424855,1.0,8.323352e-05,1.0
9.146818e-05,1.0,5.216136e-05,1.0,3.2621487e-05,1.0
8.719069e-05,1.0,0.0001099241,1.0,4.6492838e-05,1.0
7.8495366e-05,1.0,0.000110989415,1.0,4.5870886e-05,1.0
7.191863e-05,1.0,4.6660625e-05,1.0,3.1316795e-05,1.0
8.4786734e-05,1.0,6.5449516e-05,1.0,3.6381876e-05,1.0
7.888008e-05,1.0,5.3767384e-05,1.0,3.3799584e-05,1.0
8.891905e-05,1.0,5.9864877e-05,1.0,3.4295477e-05,1.0
9.522167e-05,1.0,7.2925315e-05,1.0,3.682116e-05,1.0
5.5823788e-05,1.0,5.303382e-05,1.0,3.2937274e-05,1.0
9.362055e-05,1.0,9.213249e-05,1.0,4.266639e-05,1.0
7.270806e-05,1.0,7.947572e-05,1.0,3.874615e-05,1.0
0.00011137494,1.0,7.389566e-05,1.0,3.76156e-05,1.0
6.6990324e-05,1.0,6.070268e-05,1.0,3.4967183e-05,1.0
7.530425e-05,1.0,0.00014611841,1.0,5.4411994e-05,1.0
8.787643e-05,1.0,0.000100362275,1.0,4.3098098e-05,1.0
0.000100813675,1.0,0.0001061669,1.0,4.5722485e-05,1.0
6.5582266e-05,1.0,0.00016291135,1.0,5.9452937e-05,1.0
6.676832e-05,1.0,5.1597286e-05,1.0,3.2518194e-05,1.0
8.2961604e-05,1.0,0.0001738896,1.0,6.2302606e-05,1.0
0.00010979428,1.0,6.577378e-05,1.0,3.626339e-05,1.0
5.607172e-05,1.0,5.9871043e-05,1.0,3.4367906e-05,1.0
7.4455704e-05,1.0,7.945607e-05,1.0,3.8678714e-05,1.0
0.00014519643,1.0,8.045939e-05,1.0,3.9481725e-05,1.0
4.855785e-05,1.0,4.1766496e-05,1.0,2.9877341e-05,1.0
7.9348494e-05,1.0,0.00011402093,1.0,4.780515e-05,1.0
7.088041e-05,1.0,6.7554385e-05,1.0,3.568743e-05,1.0
6.9567155e-05,1.0,5.309624e-05,1.0,3.3036344e-05,1.0
0.00011416199,1.0,5.6769535e-05,1.0,3.3424036e-05,1.0
7.221627e-05,1.0,9.6530115e-05,1.0,4.169653e-05,1.0
8.357882e-05,1.0,5.745534e-05,1.0,3.373675e-05,1.0
4.7601556e-05,1.0,7.9120924e-05,1.0,3.8697108e-05,1.0
0.00014813668,1.0,5.0654115e-05,1.0,3.2991058e-05,1.0
6.8278474e-05,1.0,6.770737e-05,1.0,3.6016016e-05,1.0
8.292679e-05,1.0,6.305661e-05,1.0,3.4750836e-05,1.0
4.8416987e-05,1.0,6.128333e-05,1.0,3.3808035e-05,1.0
9.7472825e-05,1.0,0.00010231033,1.0,4.498026e-05,1.0
9.021924e-05,1.0,7.5692486e-05,1.0,3.789786e-05,1.0
0.00010268595,1.0,5.0106333e-05,1.0,3.183278e-05,1.0
6.487028e-05,1.0,0.00010751416,1.0,4.6334193e-05,1.0
7.767443e-05,1.0,4.5523673e-05,1.0,3.0997002e-05,1.0
9.1416856e-05,1.0,8.464787e-05,1.0,4.1222032e-05,1.0
6.853601e-05,1.0,5.2392315e-05,1.0,3.2481974e-05,1.0
9.619193e-05,1.0,0.000104629675,1.0,4.507027e-05,1.0
7.675485e-05,1.0,5.6598517e-05,1.0,3.322026e-05,1.0
6.574471e-05,1.0,0.00019206337,1.0,6.478495e-05,1.0
8.9385285e-05,1.0,6.948909e-05,1.0,3.6892776e-05,1.0
8.7699125e-05,1.0,0.00012266416,1.0,4.8358652e-05,1.0
0.00011878826,1.0,4.763191e-05,1.0,3.1270552e-05,1.0
5.359788e-05,1.0,5.8372003e-05,1.0,3.3780776e-05,1.0
7.964465e-05,1.0,4.1834122e-05,1.0,2.991817e-05,1.0
8.172632e-05,1.0,5.2500895e-05,1.0,3.2627548e-05,1.0
0.000100243575,1.0,8.7397e-05,1.0,4.01351e-05,1.0
9.2534436e-05,1.0,7.360042e-05,1.0,3.725534e-05,1.0
4.85443e-05,1.0,4.0654904e-05,1.0,2.9503746e-05,1.0
9.054876e-05,1.0,9.290194e-05,1.0,4.1750085e-05,1.0
6.5620814e-05,1.0,8.220636e-05,1.0,3.9580653e-05,1.0
0.00011224663,1.0,0.00014652763,1.0,5.4803895e-05,1.0
5.6253757e-05,1.0,5.2130952e-05,1.0,3.2420743e-05,1.0
0.00010086906,1.0,7.415429e-05,1.0,3.772161e-05,1.0
6.336593e-05,1.0,6.083661e-05,1.0,3.466479e-05,1.0
0.000100549965,1.0,0.00020590525,1.0,6.8244706e-05,1.0
8.181346e-05,1.0,8.3996274e-05,1.0,3.894202e-05,1.0
5.9347753e-05,1.0,6.720733e-05,1.0,3.596527e-05,1.0
8.726239e-05,1.0,0.00013818368,1.0,5.1797626e-05,1.0
0.00010841735,1.0,7.320448e-05,1.0,3.688035e-05,1.0
6.720343e-05,1.0,4.1800828e-05,1.0,2.9925897e-05,1.0
8.305647e-05,1.0,0.00011671527,1.0,4.7004865e-05,1.0
7.576959e-05,1.0,0.00015749971,1.0,5.6661418e-05,1.0
8.967649e-05,1.0,5.550775e-05,1.0,3.2835873e-05,1.0
8.422928e-05,1.0,0.00017064302,1.0,6.0192175e-05,1.0
7.351745e-05,1.0,4.6518133e-05,1.0,3.1430023e-05,1.0
8.015191e-05,1.0,0.00017765861,1.0,6.143147e-05,1.0
7.3488874e-05,1.0,4.25514e-05,1.0,3.0106103e-05,1.0
7.6004144e-05,1.0,0.00014666446,1.0,5.5831428e-05,1.0
0.00011888656,1.0,4.8827744e-05,1.0,3.1806867e-05,1.0
5.1439787e-05,1.0,5.3156207e-05,1.0,3.2094264e-05,1.0
8.977849e-05,1.0,0.00017927846,1.0,5.9595983e-05,1.0
7.864208e-05,1.0,5.5776494e-05,1.0,3.299381e-05,1.0
0.00014437818,1.0,6.129129e-05,1.0,3.4418455e-05,1.0
5.759554e-05,1.0,6.247435e-05,1.0,3.410162e-05,1.0
6.54177e-05,1.0,6.54556e-05,1.0,3.6072553e-05,1.0
6.872249e-05,1.0,6.348829e-05,1.0,3.581004e-05,1.0
8.7504784e-05,1.0,0.00011787291,1.0,4.880828e-05,1.0
8.417188e-05,1.0,4.6974867e-05,1.0,3.1268166e-05,1.0
6.151366e-05,1.0,0.0001576794,1.0,5.8624544e-05,1.0
0.0001050505,1.0,5.1461164e-05,1.0,3.1983516e-05,1.0
7.53786e-05,1.0,7.055005e-05,1.0,3.598999e-05,1.0
9.1346956e-05,1.0,4.6194567e-05,1.0,3.0596653e-05,1.0
6.693902e-05,1.0,5.272579e-05,1.0,3.210702e-05,1.0
6.8536094e-05,1.0,5.8376896e-05,1.0,3.3906723e-05,1.0
9.92847e-05,1.0,7.2477866e-05,1.0,3.6637226e-05,1.0
0.000102308375,1.0,4.6965328e-05,1.0,3.0556526e-05,1.0
5.1342966e-05,1.0,4.8709597e-05,1.0,3.1095155e-05,1.0
8.473571e-05,1.0,6.3140076e-05,1.0,3.474383e-05,1.0
8.361471e-05,1.0,5.2583444e-05,1.0,3.2211003e-05,1.0
9.219833e-05,1.0,4.941334e-05,1.0,3.115088e-05,1.0
8.424706e-05,1.0,9.1114554e-05,1.0,4.1147556e-05,1.0
6.5301334e-05,1.0,4.221085e-05,1.0,2.9450433e-05,1.0
0.000104423525,1.0,8.217959e-05,1.0,3.897992e-05,1.0
6.974757e-05,1.0,0.000112349226,1.0,4.658513e-05,1.0
6.9266796e-05,1.0,4.559749e-05,1.0,3.0812032e-05,1.0
9.1001115e-05,1.0,6.61522e-05,1.0,3.5745004e-05,1.0
6.254385e-05,1.0,6.8607165e-05,1.0,3.5853835e-05,1.0
0.000100616155,1.0,6.637621e-05,1.0,3.6033158e-05,1.0
6.872791e-05,1.0,0.00013858142,1.0,5.2312316e-05,1.0
6.119595e-05,1.0,7.5071745e-05,1.0,3.7314938e-05,1.0
0.00012309889,1.0,5.1557126e-05,1.0,3.1692358e-05,1.0
5.04395e-05,1.0,8.2090235e-05,1.0,4.0185423e-05,1.0
0.00010720162,1.0,9.360784e-05,1.0,4.0179224e-05,1.0
8.098889e-05,1.0,0.00010757349,1.0,4.47625e-05,1.0
8.044133e-05,1.0,4.6437446e-05,1.0,3.0690488e-05,1.0
8.882287e-05,1.0,7.829345e-05,1.0,3.8256992e-05,1.0
6.806813e-05,1.0,9.233507e-05,1.0,4.1106305e-05,1.0
9.210568e-05,1.0,5.048695e-05,1.0,3.173739e-05,1.0
8.142102e-05,1.0,0.00018870177,1.0,6.160921e-05,1.0
7.253304e-05,1.0,0.00010468266,1.0,4.472952e-05,1.0
8.866285e-05,1.0,6.0665767e-05,1.0,3.3942524e-05,1.0
5.9052654e-05,1.0,0.0001337929,1.0,5.1173556e-05,1.0
9.4755356e-05,1.0,7.928719e-05,1.0,3.872531e-05,1.0
7.5612894e-05,1.0,9.275235e-05,1.0,4.106398e-05,1.0
0.00011537007,1.0,6.307086e-05,1.0,3.41897e-05,1.0
5.349251e-05,1.0,4.4989807e-05,1.0,3.0243527e-05,1.0
7.7031495e-05,1.0,8.1222766e-05,1.0,3.8090817e-05,1.0
9.427836e-05,1.0,9.7604454e-05,1.0,4.2308955e-05,1.0
7.371357e-05,1.0,0.0001494964,1.0,5.4951965e-05,1.0
7.789524e-05,1.0,4.898338e-05,1.0,3.2031465e-05,1.0
6.465362e-05,1.0,0.0003538303,1.0,0.000103806655,1.0
0.000105645086,1.0,5.8857528e-05,1.0,3.3131008e-05,1.0
9.270449e-05,1.0,7.205474e-05,1.0,3.744566e-05,1.0
8.618896e-05,1.0,5.2372787e-05,1.0,3.1985084e-05,1.0
5.6114608e-05,1.0,6.1193976e-05,1.0,3.398672e-05,1.0
6.636983e-05,1.0,5.456617e-05,1.0,3.245502e-05,1.0
8.3907085e-05,1.0,0.00012354099,1.0,4.8408267e-05,1.0
8.744576e-05,1.0,0.00016073219,1.0,5.7844496e-05,1.0
8.269216e-05,1.0,0.00011440187,1.0,4.6114852e-05,1.0
6.4840206e-05,1.0,5.20889e-05,1.0,3.1910775e-05,1.0
9.620645e-05,1.0,8.179048e-05,1.0,3.8863032e-05,1.0
9.512573e-05,1.0,5.9245758e-05,1.0,3.317051e-05,1.0
6.794676e-05,1.0,4.88662e-05,1.0,3.076772e-05,1.0
7.633099e-05,1.0,5.4218777e-05,1.0,3.238445e-05,1.0
7.392786e-05,1.0,0.00013195192,1.0,5.0637875e-05,1.0
9.646469e-05,1.0,0.00023263559,1.0,7.212892e-05,1.0
7.5688426e-05,1.0,3.9779683e-05,1.0,2.8775039e-05,1.0
9.350094e-05,1.0,0.00017180062,1.0,6.0435304e-05,1.0
7.376584e-05,1.0,5.1712446e-05,1.0,3.233039e-05,1.0
5.915121e-05,1.0,5.522756e-05,1.0,3.1880914e-05,1.0
0.00011956235,1.0,6.030619e-05,1.0,3.3684446e-05,1.0
6.0087725e-05,1.0,0.00011988989,1.0,4.766626e-05,1.0
7.907181e-05,1.0,0.00011005507,1.0,4.3626398e-05,1.0
7.2473966e-05,1.0,5.773585e-05,1.0,3.349858e-05,1.0
8.072245e-05,1.0,0.00011111844,1.0,4.627953e-05,1.0
0.000111179295,1.0,7.605475e-05,1.0,3.851475e-05,1.0
8.3270206e-05,1.0,4.981104e-05,1.0,3.090258e-05,1.0
4.894892e-05,1.0,0.00010354534,1.0,4.3432043e-05,1.0
8.867824e-05,1.0,9.655606e-05,1.0,4.434252e-05,1.0
8.2690465e-05,1.0,8.4925094e-05,1.0,3.9976996e-05,1.0
0.00011995039,1.0,0.00022276431,1.0,6.8486275e-05,1.0
7.179757e-05,1.0,5.559791e-05,1.0,3.2016454e-05,1.0
6.469762e-05,1.0,6.485749e-05,1.0,3.468842e-05,1.0
6.83048e-05,1.0,4.7443624e-05,1.0,3.048438e-05,1.0
6.465801e-05,1.0,5.5136177e-05,1.0,3.2115593e-05,1.0
8.4857245e-05,1.0,9.2923954e-05,1.0,4.2640324e-05,1.0
0.000105773885,1.0,0.0001478677,1.0,5.3451626e-05,1.0
5.4674645e-05,1.0,4.0152565e-05,1.0,2.8607688e-05,1.0
9.0352565e-05,1.0,8.791089e-05,1.0,3.855869e-05,1.0
7.728539e-05,1.0,4.5567736e-05,1.0,2.9868252e-05,1.0
8.446917e-05,1.0,3.9718325e-05,1.0,2.8708799e-05,1.0
6.7196444e-05,1.0,4.3419e-05,1.0,3.0004752e-05,1.0
5.4848977e-05,1.0,5.6546098e-05,1.0,3.3008586e-05,1.0
0.00013210738,1.0,7.082329e-05,1.0,3.6525344e-05,1.0
8.014108e-05,1.0,5.275148e-05,1.0,3.199986e-05,1.0
7.028211e-05,1.0,5.671885e-05,1.0,3.3001343e-05,1.0
5.7092097e-05,1.0,8.545996e-05,1.0,3.9067818e-05,1.0
0.00011661812,1.0,4.6813246e-05,1.0,3.084653e-05,1.0
9.598097e-05,1.0,4.110057e-05,1.0,2.9376955e-05,1.0
6.414671e-05,1.0,3.9436112e-05,1.0,2.893464e-05,1.0
5.3727686e-05,1.0,8.1579026e-05,1.0,3.943766e-05,1.0
8.719357e-05,1.0,0.00012522614,1.0,4.9003702e-05,1.0
8.9334884e-05,1.0,0.00016005432,1.0,5.628086e-05,1.0
7.772672e-05,1.0,0.00010128726,1.0,4.4345365e-05,1.0
8.603908e-05,1.0,4.8230122e-05,1.0,3.120624e-05,1.0
8.3043305e-05,1.0,6.3401734e-05,1.0,3.5921683e-05,1.0
5.8486876e-05,1.0,6.164983e-05,1.0,3.418601e-05,1.0
8.878731e-05,1.0,5.5742166e-05,1.0,3.234103e-05,1.0
9.349894e-05,1.0,0.00013826576,1.0,5.260811e-05,1.0
7.987578e-05,1.0,0.0001126941,1.0,4.5444383e-05,1.0
6.69723e-05,1.0,7.279782e-05,1.0,3.7176593e-05,1.0
7.123252e-05,1.0,0.00012371253,1.0,4.8398957e-05,1.0
8.6527856e-05,1.0,5.6542885e-05,1.0,3.2906064e-05,1.0
0.00010895242,1.0,6.652899e-05,1.0,3.4683402e-05,1.0
6.057792e-05,1.0,8.39114e-05,1.0,4.008414e-05,1.0
5.7817324e-05,1.0,5.0590705e-05,1.0,3.118992e-05,1.0
0.00011513852,1.0,9.261722e-05,1.0,3.95617e-05,1.0
5.590344e-05,1.0,4.4875862e-05,1.0,2.9833294e-05,1.0
9.704228e-05,1.0,0.00017924754,1.0,6.124152e-05,1.0
9.517868e-05,1.0,0.0001839647,1.0,6.406462e-05,1.0
5.3907806e-05,1.0,4.765657e-05,1.0,3.0738734e-05,1.0
9.910097e-05,1.0,5.6316938e-05,1.0,3.3245058e-05,1.0
5.3591946e-05,1.0,5.7662302e-05,1.0,3.2540094e-05,1.0
0.00012385269,1.0,0.00010572219,1.0,4.3999695e-05,1.0
5.1129893e-05,1.0,8.680493e-05,1.0,3.985521e-05,1.0
6.824205e-05,1.0,4.3373624e-05,1.0,2.8995406e-05,1.0
7.159392e-05,1.0,5.9343944e-05,1.0,3.2921274e-05,1.0
7.789879e-05,1.0,7.2029055e-05,1.0,3.5449328e-05,1.0
0.00011014831,1.0,5.459991e-05,1.0,3.206873e-05,1.0
7.188826e-05,1.0,5.805527e-05,1.0,3.283072e-05,1.0
8.4662875e-05,1.0,0.00013242746,1.0,5.071651e-05,1.0
7.2273244e-05,1.0,4.2244978e-05,1.0,2.9030145e-05,1.0
7.972327e-05,1.0,5.028866e-05,1.0,3.07252e-05,1.0
9.101108e-05,1.0,6.8736794e-05,1.0,3.6330544e-05,1.0
6.911462e-05,1.0,0.00010842187,1.0,4.542743e-05,1.0
0.00010141576,1.0,0.00010537127,1.0,4.394309e-05,1.0
6.9979134e-05,1.0,6.5363354e-05,1.0,3.4390254e-05,1.0
5.3002903e-05,1.0,6.431035e-05,1.0,3.447063e-05,1.0
9.911714e-05,1.0,9.226033e-05,1.0,4.2195872e-05,1.0
5.835092e-05,1.0,4.0915904e-05,1.0,2.849662e-05,1.0
0.00010264837,1.0,7.392187e-05,1.0,3.6486792e-05,1.0
8.153397e-05,1.0,4.1371095e-05,1.0,2.8973178e-05,1.0
5.7375684e-05,1.0,8.601325e-05,1.0,3.9689814e-05,1.0
0.000107315835,1.0,6.0909395e-05,1.0,3.2539083e-05,1.0
5.2024294e-05,1.0,0.00014705573,1.0,5.307074e-05,1.0
0.0001226247,1.0,4.2292133e-05,1.0,2.8903512e-05,1.0
4.8447364e-05,1.0,8.1325816e-05,1.0,3.9175975e-05,1.0
6.208365e-05,1.0,0.00020385465,1.0,6.7063615e-05,1.0
9.06361e-05,1.0,6.0111386e-05,1.0,3.3521774e-05,1.0
8.379225e-05,1.0,7.480713e-05,1.0,3.642221e-05,1.0
0.00010462242,1.0,5.8271376e-05,1.0,3.282501e-05,1.0
5.3223077e-05,1.0,3.7474245e-05,1.0,2.7647502e-05,1.0
7.0476766e-05,1.0,4.1055027e-05,1.0,2.8805689e-05,1.0
7.7192584e-05,1.0,5.807167e-05,1.0,3.2996602e-05,1.0
9.8565666e-05,1.0,0.00011509726,1.0,4.6735357e-05,1.0
7.2321774e-05,1.0,4.6017365e-05,1.0,2.9707444e-05,1.0
5.185006e-05,1.0,5.1714756e-05,1.0,3.1632633e-05,1.0
0.00011245951,1.0,5.221971e-05,1.0,3.1210802e-05,1.0
7.4763775e-05,1.0,0.00013613093,1.0,5.0725143e-05,1.0
8.447276e-05,1.0,7.356794e-05,1.0,3.587475e-05,1.0
5.4204276e-05,1.0,4.728877e-05,1.0,2.9630124e-05,1.0
7.995408e-05,1.0,5.7866317e-05,1.0,3.275684e-05,1.0
9.955795e-05,1.0,0.00019886228,1.0,6.4051266e-05,1.0
9.362117e-05,1.0,9.212469e-05,1.0,4.0567797e-05,1.0
5.9006925e-05,1.0,3.9760926e-05,1.0,2.8359016e-05,1.0
4.5029028e-05,1.0,4.207301e-05,1.0,2.8735372e-05,1.0
9.500432e-05,1.0,8.0470934e-05,1.0,3.8706956e-05,1.0
9.594376e-05,1.0,8.201442e-05,1.0,3.840353e-05,1.0
0.00010450207,1.0,4.3362896e-05,1.0,2.93066e-05,1.0
4.7577407e-05,1.0,4.2651976e-05,1.0,2.9019828e-05,1.0
6.948766e-05,1.0,0.00014701995,1.0,5.3083713e-05,1.0
8.848763e-05,1.0,6.8423935e-05,1.0,3.4458073e-05,1.0
9.25665e-05,1.0,5.6254325e-05,1.0,3.1842217e-05,1.0
7.9757476e-05,1.0,4.1236508e-05,1.0,2.8336603e-05,1.0
5.8114714e-05,1.0,3.8998667e-05,1.0,2.8212182e-05,1.0
8.633287e-05,1.0,4.8539194e-05,1.0,3.0105655e-05,1.0
9.159214e-05,1.0,7.754934e-05,1.0,3.7535632e-05,1.0
0.000100144774,1.0,5.3542164e-05,1.0,3.0901905e-05,1.0
6.7079156e-05,1.0,7.170481e-05,1.0,3.587372e-05,1.0
5.151423e-05,1.0,3.876094e-05,1.0,2.786953e-05,1.0
7.007492e-05,1.0,5.6150155e-05,1.0,3.283456e-05,1.0
9.422432e-05,1.0,5.3043434e-05,1.0,3.1781245e-05,1.0
8.839112e-05,1.0,0.00015651803,1.0,5.5363245e-05,1.0
7.5580036e-05,1.0,4.845954e-05,1.0,3.0737254e-05,1.0
7.572874e-05,1.0,5.340843e-05,1.0,3.126753e-05,1.0
6.2852065e-05,1.0,3.8941373e-05,1.0,2.7789138e-05,1.0
9.4295625e-05,1.0,0.00010552152,1.0,4.4676206e-05,1.0
5.9958034e-05,1.0,4.5418758e-05,1.0,2.9216406e-05,1.0
8.66919e-05,1.0,4.6907524e-05,1.0,2.9767793e-05,1.0
6.213345e-05,1.0,5.0491253e-05,1.0,3.055583e-05,1.0
0.00013831888,1.0,6.571657e-05,1.0,3.497784e-05,1.0
7.764125e-05,1.0,0.00011533684,1.0,4.7042176e-05,1.0
5.8550853e-05,1.0,4.7268768e-05,1.0,3.0001855e-05,1.0
5.1219464e-05,1.0,4.6827732e-05,1.0,2.9347082e-05,1.0
0.00010321012,1.0,0.00021972481,1.0,7.090029e-05,1.0
6.1479186e-05,1.0,4.704216e-05,1.0,2.9325634e-05,1.0
8.9268564e-05,1.0,4.301946e-05,1.0,2.9030209e-05,1.0
7.457912e-05,1.0,4.3746673e-05,1.0,2.9303063e-05,1.0
7.4062555e-05,1.0,0.000108504035,1.0,4.3937216e-05,1.0
8.183576e-05,1.0,9.947344e-05,1.0,4.1876603e-05,1.0
0.0001041951,1.0,7.777405e-05,1.0,3.7505215e-05,1.0
5.5582856e-05,1.0,3.9300412e-05,1.0,2.816765e-05,1.0
6.510501e-05,1.0,4.4766104e-05,1.0,2.899732e-05,1.0
8.6725915e-05,1.0,0.00010557936,1.0,4.2634863e-05,1.0
7.2141585e-05,1.0,5.0383544e-05,1.0,3.0257544e-05,1.0
7.676798e-05,1.0,4.2162927e-05,1.0,2.8293025e-05,1.0
8.806103e-05,1.0,0.00012922415,1.0,4.872745e-05,1.0
6.508733e-05,1.0,4.2172785e-05,1.0,2.881812e-05,1.0
9.661215e-05,1.0,5.513434e-05,1.0,3.185657e-05,1.0
7.602278e-05,1.0,3.8747476e-05,1.0,2.7969729e-05,1.0
8.429458e-05,1.0,0.00011199099,1.0,4.3545737e-05,1.0
6.910399e-05,1.0,6.4730484e-05,1.0,3.3604978e-05,1.0
7.484183e-05,1.0,8.779274e-05,1.0,3.8983217e-05,1.0
7.4451935e-05,1.0,0.00017343207,1.0,6.0069295e-05,1.0
0.000103679275,1.0,6.52738e-05,1.0,3.445095e-05,1.0
4.8845322e-05,1.0,3.9655e-05,1.0,2.8167164e-05,1.0
9.4108174e-05,1.0,0.00015568602,1.0,5.579303e-05,1.0
8.6058106e-05,1.0,3.9006783e-05,1.0,2.7583286e-05,1.0
5.7949852e-05,1.0,9.195647e-05,1.0,4.0095503e-05,1.0
9.039173e-05,1.0,5.268984e-05,1.0,3.1099637e-05,1.0
8.0983344e-05,1.0,6.0987768e-05,1.0,3.3035383e-05,1.0
6.9534886e-05,1.0,8.0871396e-05,1.0,3.7836122e-05,1.0
8.063482e-05,1.0,0.000111845504,1.0,4.448569e-05,1.0
6.5974105e-05,1.0,0.00011925981,1.0,4.6111294e-05,1.0
9.7498036e-05,1.0,0.000100083766,1.0,4.212263e-05,1.0
7.62315e-05,1.0,4.020614e-05,1.0,2.811713e-05,1.0
8.690154e-05,1.0,4.7829093e-05,1.0,2.9985973e-05,1.0
6.535577e-05,1.0,5.0355113e-05,1.0,3.0649167e-05,1.0
7.7878714e-05,1.0,8.818911e-05,1.0,3.9613016e-05,1.0
7.709299e-05,1.0,0.00011790399,1.0,4.6673405e-05,1.0
8.782372e-05,1.0,6.816363e-05,1.0,3.4221994e-05,1.0
5.4810094e-05,1.0,4.6735495e-05,1.0,2.9910156e-05,1.0
8.810039e-05,1.0,6.807591e-05,1.0,3.523706e-05,1.0
7.978904e-05,1.0,0.00015766211,1.0,5.5829503e-05,1.0
8.3433275e-05,1.0,6.34519e-05,1.0,3.382369e-05,1.0
6.4542895e-05,1.0,4.4920496e-05,1.0,2.8745633e-05,1.0
0.000100746576,1.0,0.00016136628,1.0,5.5378623e-05,1.0
5.2116895e-05,1.0,4.0454648e-05,1.0,2.7868631e-05,1.0
7.58369e-05,1.0,0.00014757978,1.0,5.3546828e-05,1.0
8.765349e-05,1.0,0.00019719901,1.0,6.4468935e-05,1.0
9.927289e-05,1.0,7.697103e-05,1.0,3.6791476e-05,1.0
6.1435254e-05,1.0,3.8510043e-05,1.0,2.7347434e-05,1.0
6.1859595e-05,1.0,3.6360496e-05,1.0,2.7313281e-05,1.0
7.591615e-05,1.0,6.827667e-05,1.0,3.4267214e-05,1.0
0.00010359506,1.0,0.00020036363,1.0,6.47402e-05,1.0
7.5248594e-05,1.0,4.16636e-05,1.0,2.775928e-05,1.0
5.489804e-05,1.0,4.2307067e-05,1.0,2.8327755e-05,1.0
8.908113e-05,1.0,0.0001261356,1.0,4.7209207e-05,1.0
8.719819e-05,1.0,5.3187687e-05,1.0,3.076363e-05,1.0
6.610893e-05,1.0,4.7405356e-05,1.0,2.9595612e-05,1.0
6.755653e-05,1.0,4.2057432e-05,1.0,2.835947e-05,1.0
7.411393e-05,1.0,0.00016023919,1.0,5.5381774e-05,1.0
0.000107570624,1.0,7.5267315e-05,1.0,3.5419664e-05,1.0
7.556416e-05,1.0,8.770895e-05,1.0,3.8148733e-05,1.0
7.6315686e-05,1.0,6.998127e-05,1.0,3.4388013e-05,1.0
8.257176e-05,1.0,0.0001356159,1.0,5.070443e-05,1.0
6.6604705e-05,1.0,4.571125e-05,1.0,2.8896677e-05,1.0
8.8391156e-05,1.0,6.7935805e-05,1.0,3.3991375e-05,1.0
5.2493964e-05,1.0,0.00015148999,1.0,5.343955e-05,1.0
9.350755e-05,1.0,5.800163e-05,1.0,3.2218122e-05,1.0
8.378317e-05,1.0,8.5755506e-05,1.0,3.9285067e-05,1.0
7.3108444e-05,1.0,5.933142e-05,1.0,3.2498905e-05,1.0
6.4059655e-05,1.0,4.482573e-05,1.0,2.9174367e-05,1.0
8.285924e-05,1.0,0.0001049291,1.0,4.397697e-05,1.0
8.864901e-05,1.0,4.3921413e-05,1.0,2.8409417e-05,1.0
5.4723103e-05,1.0,4.236363e-05,1.0,2.8426755e-05,1.0
0.00010747063,1.0,6.327098e-05,1.0,3.428516e-05,1.0
6.419908e-05,1.0,4.645351e-05,1.0,2.9296734e-05,1.0
4.534744e-05,1.0,5.7884048e-05,1.0,3.20984e-05,1.0
0.00012055045,1.0,7.250166e-05,1.0,3.5267898e-05,1.0
7.805848e-05,1.0,0.00014167033,1.0,5.1527815e-05,1.0
8.47954e-05,1.0,3.9512466e-05,1.0,2.7555574e-05,1.0
4.7891703e-05,1.0,3.4880013e-05,1.0,2.6551232e-05,1.0
6.201049e-05,1.0,0.0001394159,1.0,5.07514e-05,1.0
0.000104629864,1.0,0.00014538683,1.0,5.1217932e-05,1.0
7.256159e-05,1.0,4.5102002e-05,1.0,2.8877283e-05,1.0
7.8105775e-05,1.0,4.4608194e-05,1.0,2.8722176e-05,1.0
8.776498e-05,1.0,6.0958617e-05,1.0,3.335892e-05,1.0
8.183628e-05,1.0,6.3125146e-05,1.0,3.277823e-05,1.0
6.8403606e-05,1.0,4.792343e-05,1.0,2.942279e-05,1.0
7.642252e-05,1.0,5.8048554e-05,1.0,3.236998e-05,1.0
5.5789842e-05,1.0,0.00012133669,1.0,4.447189e-05,1.0
0.00011291758,1.0,0.00029159695,1.0,8.420035e-05,1.0
7.437862e-05,1.0,5.673137e-05,1.0,3.166407e-05,1.0
4.9758466e-05,1.0,9.441672e-05,1.0,3.984559e-05,1.0
0.000112274705,1.0,4.8850205e-05,1.0,2.9683573e-05,1.0
6.562173e-05,1.0,4.1619383e-05,1.0,2.8239072e-05,1.0
7.552894e-05,1.0,5.619232e-05,1.0,3.1195133e-05,1.0
9.010351e-05,1.0,4.1934232e-05,1.0,2.8334076e-05,1.0
6.372767e-05,1.0,7.71739e-05,1.0,3.6053152e-05,1.0
6.7113135e-05,1.0,9.501697e-05,1.0,4.074372e-05,1.0
7.703729e-05,1.0,0.00013081712,1.0,4.9181534e-05,1.0
0.00012391317,1.0,6.3034546e-05,1.0,3.375971e-05,1.0
5.739541e-05,1.0,4.100341e-05,1.0,2.827267e-05,1.0
6.214457e-05,1.0,5.8350222e-05,1.0,3.324811e-05,1.0
7.5344986e-05,1.0,3.8400245e-05,1.0,2.7336495e-05,1.0
8.110279e-05,1.0,0.000100822785,1.0,4.3534634e-05,1.0
0.000114184215,1.0,9.0462694e-05,1.0,4.127689e-05,1.0
4.840394e-05,1.0,4.070917e-05,1.0,2.7843287e-05,1.0
7.035108e-05,1.0,6.4135216e-05,1.0,3.3333185e-05,1.0
6.061279e-05,1.0,5.105885e-05,1.0,3.0377374e-05,1.0
0.00011997986,1.0,5.544805e-05,1.0,3.151721e-05,1.0
